STORE_NBR,YEARMONTH,Ventas,Unidades,Clientes,Transacciones,Frecuencia,ChipsPorTransaccion,PrecioPromedio,Fecha
1,201807,188.9,58,47,49,1.0425531914893618,1.183673469387755,3.256896551724138,2018-07-01
1,201808,168.4,52,41,41,1.0,1.2682926829268293,3.2384615384615385,2018-08-01
1,201809,268.1,71,57,59,1.0350877192982457,1.2033898305084745,3.7760563380281695,2018-09-01
1,201810,175.4,51,39,40,1.0256410256410255,1.275,3.43921568627451,2018-10-01
1,201811,184.8,55,44,45,1.0227272727272727,1.2222222222222223,3.3600000000000003,2018-11-01
1,201812,160.6,48,37,40,1.0810810810810811,1.2,3.345833333333333,2018-12-01
1,201901,149.7,41,35,35,1.0,1.1714285714285715,3.6512195121951216,2019-01-01
1,201902,194.7,58,49,51,1.0408163265306123,1.1372549019607843,3.356896551724138,2019-02-01
1,201903,185.20000000000002,56,43,47,1.0930232558139534,1.1914893617021276,3.3071428571428574,2019-03-01
1,201904,177.4,52,39,40,1.0256410256410255,1.3,3.411538461538462,2019-04-01
1,201905,207.1,62,43,48,1.1162790697674418,1.2916666666666667,3.3403225806451613,2019-05-01
1,201906,163.6,50,39,39,1.0,1.2820512820512822,3.272,2019-06-01
2,201807,140.5,43,36,38,1.0555555555555556,1.131578947368421,3.2674418604651163,2018-07-01
2,201808,180.9,50,35,39,1.1142857142857143,1.2820512820512822,3.6180000000000003,2018-08-01
2,201809,133.9,36,32,33,1.03125,1.0909090909090908,3.7194444444444446,2018-09-01
2,201810,160.1,43,39,41,1.0512820512820513,1.048780487804878,3.723255813953488,2018-10-01
2,201811,143.3,38,33,34,1.0303030303030303,1.1176470588235294,3.771052631578948,2018-11-01
2,201812,129.2,37,32,34,1.0625,1.088235294117647,3.4918918918918918,2018-12-01
2,201901,158.7,47,41,43,1.048780487804878,1.0930232558139534,3.3765957446808508,2019-01-01
2,201902,136.8,36,28,31,1.1071428571428572,1.1612903225806452,3.8000000000000003,2019-02-01
2,201903,174.0,46,40,41,1.025,1.1219512195121952,3.782608695652174,2019-03-01
2,201904,173.4,50,43,45,1.0465116279069768,1.1111111111111112,3.468,2019-04-01
2,201905,179.8,53,45,47,1.0444444444444445,1.127659574468085,3.3924528301886796,2019-05-01
2,201906,143.4,40,36,38,1.0555555555555556,1.0526315789473684,3.585,2019-06-01
3,201807,1164.9,263,108,134,1.2407407407407407,1.962686567164179,4.429277566539924,2018-07-01
3,201808,998.15,237,106,121,1.1415094339622642,1.9586776859504131,4.211603375527426,2018-08-01
3,201809,1011.3000000000001,230,102,118,1.1568627450980393,1.9491525423728813,4.39695652173913,2018-09-01
3,201810,1017.5,231,103,117,1.1359223300970873,1.9743589743589745,4.404761904761905,2018-10-01
3,201811,936.6,213,95,111,1.168421052631579,1.9189189189189189,4.397183098591549,2018-11-01
3,201812,1075.7,246,107,124,1.158878504672897,1.9838709677419355,4.372764227642277,2018-12-01
3,201901,980.3,222,97,112,1.1546391752577319,1.9821428571428572,4.415765765765766,2019-01-01
3,201902,1146.7,262,113,132,1.168141592920354,1.9848484848484849,4.376717557251909,2019-02-01
3,201903,1083.6,247,106,125,1.179245283018868,1.976,4.387044534412955,2019-03-01
3,201904,843.5,192,85,100,1.1764705882352942,1.92,4.393229166666667,2019-04-01
3,201905,905.1,213,100,113,1.13,1.8849557522123894,4.249295774647887,2019-05-01
3,201906,986.3,228,102,116,1.1372549019607843,1.9655172413793103,4.325877192982456,2019-06-01
4,201807,1318.3,302,121,150,1.2396694214876034,2.013333333333333,4.36523178807947,2018-07-01
4,201808,1188.1,276,118,143,1.2118644067796611,1.93006993006993,4.304710144927536,2018-08-01
4,201809,1168.0,270,117,133,1.1367521367521367,2.030075187969925,4.325925925925926,2018-09-01
4,201810,1275.0,296,119,147,1.2352941176470589,2.0136054421768708,4.3074324324324325,2018-10-01
4,201811,1089.6,254,109,127,1.165137614678899,2.0,4.289763779527559,2018-11-01
4,201812,1134.6,256,102,128,1.2549019607843137,2.0,4.43203125,2018-12-01
4,201901,1402.6,311,125,155,1.24,2.0064516129032257,4.509967845659164,2019-01-01
4,201902,832.4,194,86,96,1.1162790697674418,2.0208333333333335,4.290721649484536,2019-02-01
4,201903,1110.8,254,111,127,1.1441441441441442,2.0,4.373228346456693,2019-03-01
4,201904,1159.1,259,112,129,1.1517857142857142,2.007751937984496,4.475289575289575,2019-04-01
4,201905,885.75,202,94,112,1.1914893617021276,1.8035714285714286,4.38490099009901,2019-05-01
4,201906,1145.0,258,116,129,1.1120689655172413,2.0,4.437984496124031,2019-06-01
5,201807,763.8,222,86,111,1.2906976744186047,2.0,3.4405405405405403,2018-07-01
5,201808,654.5,189,85,99,1.1647058823529413,1.9090909090909092,3.462962962962963,2018-08-01
5,201809,875.2,244,99,122,1.2323232323232323,2.0,3.5868852459016396,2018-09-01
5,201810,740.6,196,81,98,1.2098765432098766,2.0,3.7785714285714285,2018-10-01
5,201811,707.0,206,80,103,1.2875,2.0,3.4320388349514563,2018-11-01
5,201812,800.2,224,90,112,1.2444444444444445,2.0,3.5723214285714286,2018-12-01
5,201901,772.6,216,84,107,1.2738095238095237,2.0186915887850465,3.576851851851852,2019-01-01
5,201902,706.4,206,85,103,1.2117647058823529,2.0,3.429126213592233,2019-02-01
5,201903,603.4,172,76,86,1.131578947368421,2.0,3.5081395348837208,2019-03-01
5,201904,684.4,202,78,101,1.294871794871795,2.0,3.388118811881188,2019-04-01
5,201905,665.5,184,78,93,1.1923076923076923,1.978494623655914,3.6168478260869565,2019-05-01
5,201906,828.6,234,95,117,1.231578947368421,2.0,3.5410256410256413,2019-06-01
6,201807,241.9,68,44,47,1.0681818181818181,1.446808510638298,3.557352941176471,2018-07-01
6,201808,177.6,56,36,39,1.0833333333333333,1.435897435897436,3.1714285714285713,2018-08-01
6,201809,192.20000000000002,53,35,35,1.0,1.5142857142857142,3.626415094339623,2018-09-01
6,201810,268.9,75,49,50,1.0204081632653061,1.5,3.585333333333333,2018-10-01
6,201811,244.70000000000002,70,48,49,1.0208333333333333,1.4285714285714286,3.495714285714286,2018-11-01
6,201812,198.7,53,35,38,1.0857142857142856,1.394736842105263,3.749056603773585,2018-12-01
6,201901,170.70000000000002,47,33,35,1.0606060606060606,1.3428571428571427,3.631914893617022,2019-01-01
6,201902,210.6,58,35,35,1.0,1.6571428571428573,3.6310344827586207,2019-02-01
6,201903,176.9,52,38,39,1.0263157894736843,1.3333333333333333,3.401923076923077,2019-03-01
6,201904,172.3,48,35,35,1.0,1.3714285714285714,3.5895833333333336,2019-04-01
6,201905,228.0,68,44,48,1.0909090909090908,1.4166666666666667,3.3529411764705883,2019-05-01
6,201906,176.4,51,35,36,1.0285714285714285,1.4166666666666667,3.458823529411765,2019-06-01
7,201807,1004.3,224,99,118,1.1919191919191918,1.8983050847457628,4.4834821428571425,2018-07-01
7,201808,1058.7,240,105,124,1.180952380952381,1.935483870967742,4.41125,2018-08-01
7,201809,1096.3,242,107,123,1.1495327102803738,1.967479674796748,4.530165289256198,2018-09-01
7,201810,972.1,216,100,115,1.15,1.8782608695652174,4.500462962962963,2018-10-01
7,201811,1025.5,238,108,124,1.1481481481481481,1.9193548387096775,4.3088235294117645,2018-11-01
7,201812,839.8,200,91,106,1.164835164835165,1.8867924528301887,4.199,2018-12-01
7,201901,929.2,212,100,108,1.08,1.962962962962963,4.3830188679245285,2019-01-01
7,201902,995.8000000000001,228,95,117,1.231578947368421,1.9487179487179487,4.367543859649123,2019-02-01
7,201903,1059.1,246,115,129,1.1217391304347826,1.9069767441860466,4.305284552845528,2019-03-01
7,201904,901.6,203,83,104,1.2530120481927711,1.9519230769230769,4.441379310344828,2019-04-01
7,201905,923.3000000000001,211,96,117,1.21875,1.8034188034188035,4.3758293838862565,2019-05-01
7,201906,1048.8,238,103,123,1.1941747572815533,1.934959349593496,4.40672268907563,2019-06-01
8,201807,361.2,81,38,41,1.0789473684210527,1.975609756097561,4.459259259259259,2018-07-01
8,201808,362.6,83,44,44,1.0,1.8863636363636365,4.368674698795181,2018-08-01
8,201809,282.8,68,35,35,1.0,1.9428571428571428,4.158823529411765,2018-09-01
8,201810,412.6,96,44,48,1.0909090909090908,2.0,4.297916666666667,2018-10-01
8,201811,328.8,76,37,38,1.027027027027027,2.0,4.326315789473685,2018-11-01
8,201812,336.0,75,35,38,1.0857142857142856,1.9736842105263157,4.48,2018-12-01
8,201901,445.0,100,47,50,1.0638297872340425,2.0,4.45,2019-01-01
8,201902,325.0,72,35,36,1.0285714285714285,2.0,4.513888888888889,2019-02-01
8,201903,441.40000000000003,104,48,51,1.0625,2.0392156862745097,4.24423076923077,2019-03-01
8,201904,354.6,79,39,40,1.0256410256410255,1.975,4.488607594936709,2019-04-01
8,201905,334.8,77,42,43,1.0238095238095237,1.7906976744186047,4.348051948051948,2019-05-01
8,201906,300.2,68,31,34,1.096774193548387,2.0,4.414705882352941,2019-06-01
9,201807,271.1,77,43,46,1.069767441860465,1.673913043478261,3.5207792207792212,2018-07-01
9,201808,323.4,93,50,54,1.08,1.7222222222222223,3.4774193548387093,2018-08-01
9,201809,340.5,97,50,54,1.08,1.7962962962962963,3.5103092783505154,2018-09-01
9,201810,330.9,91,49,50,1.0204081632653061,1.82,3.6362637362637362,2018-10-01
9,201811,346.3,100,55,58,1.0545454545454545,1.7241379310344827,3.463,2018-11-01
9,201812,319.5,90,48,50,1.0416666666666667,1.8,3.55,2018-12-01
9,201901,365.7,108,60,61,1.0166666666666666,1.7704918032786885,3.386111111111111,2019-01-01
9,201902,243.8,70,40,41,1.025,1.7073170731707317,3.482857142857143,2019-02-01
9,201903,339.0,92,46,49,1.065217391304348,1.8775510204081634,3.6847826086956523,2019-03-01
9,201904,226.8,65,37,38,1.027027027027027,1.7105263157894737,3.4892307692307694,2019-04-01
9,201905,321.3,96,51,51,1.0,1.8823529411764706,3.3468750000000003,2019-05-01
9,201906,257.4,75,41,42,1.024390243902439,1.7857142857142858,3.4319999999999995,2019-06-01
10,201807,829.2,224,93,112,1.2043010752688172,2.0,3.7017857142857147,2018-07-01
10,201808,857.75,233,95,120,1.263157894736842,1.9416666666666667,3.6813304721030042,2018-08-01
10,201809,888.0,264,109,129,1.18348623853211,2.046511627906977,3.3636363636363638,2018-09-01
10,201810,812.0,226,86,111,1.2906976744186047,2.036036036036036,3.5929203539823007,2018-10-01
10,201811,787.8,224,89,112,1.2584269662921348,2.0,3.5169642857142853,2018-11-01
10,201812,894.0,256,103,126,1.2233009708737863,2.0317460317460316,3.4921875,2018-12-01
10,201901,791.2,224,94,112,1.1914893617021276,2.0,3.5321428571428575,2019-01-01
10,201902,803.2,226,93,113,1.2150537634408602,2.0,3.553982300884956,2019-02-01
10,201903,836.4,234,95,117,1.231578947368421,2.0,3.574358974358974,2019-03-01
10,201904,688.8,194,79,96,1.2151898734177216,2.0208333333333335,3.5505154639175256,2019-04-01
10,201905,719.25,203,84,102,1.2142857142857142,1.9901960784313726,3.543103448275862,2019-05-01
10,201906,665.8,182,76,90,1.1842105263157894,2.022222222222222,3.658241758241758,2019-06-01
11,201810,2.9,1,1,1,1.0,1.0,2.9,2018-10-01
11,201812,3.8,1,1,1,1.0,1.0,3.8,2018-12-01
12,201807,388.8,90,44,45,1.0227272727272727,2.0,4.32,2018-07-01
12,201808,340.4,81,42,43,1.0238095238095237,1.8837209302325582,4.202469135802469,2018-08-01
12,201809,387.0,92,45,46,1.0222222222222221,2.0,4.206521739130435,2018-09-01
12,201810,382.8,86,40,42,1.05,2.0476190476190474,4.4511627906976745,2018-10-01
12,201811,436.2,98,47,49,1.0425531914893618,2.0,4.451020408163266,2018-11-01
12,201812,464.6,108,50,54,1.08,2.0,4.301851851851852,2018-12-01
12,201901,441.6,98,45,48,1.0666666666666667,2.0416666666666665,4.506122448979592,2019-01-01
12,201902,314.0,72,36,36,1.0,2.0,4.361111111111111,2019-02-01
12,201903,471.2,102,46,51,1.108695652173913,2.0,4.6196078431372545,2019-03-01
12,201904,446.8,96,42,47,1.119047619047619,2.0425531914893615,4.654166666666667,2019-04-01
12,201905,355.1,84,45,46,1.0222222222222221,1.826086956521739,4.227380952380953,2019-05-01
12,201906,306.0,72,35,36,1.0285714285714285,2.0,4.25,2019-06-01
13,201807,754.6,224,92,112,1.2173913043478262,2.0,3.36875,2018-07-01
13,201808,709.1,204,90,104,1.1555555555555554,1.9615384615384615,3.475980392156863,2018-08-01
13,201809,794.8,230,92,115,1.25,2.0,3.4556521739130432,2018-09-01
13,201810,773.6,218,87,108,1.2413793103448276,2.0185185185185186,3.5486238532110095,2018-10-01
13,201811,960.0,280,110,138,1.2545454545454546,2.028985507246377,3.4285714285714284,2018-11-01
13,201812,841.6,252,103,124,1.203883495145631,2.032258064516129,3.33968253968254,2018-12-01
13,201901,836.4,234,86,117,1.3604651162790697,2.0,3.574358974358974,2019-01-01
13,201902,770.2,230,92,113,1.2282608695652173,2.0353982300884956,3.3486956521739133,2019-02-01
13,201903,959.2,274,109,134,1.2293577981651376,2.044776119402985,3.5007299270072996,2019-03-01
13,201904,959.8,268,97,131,1.3505154639175259,2.045801526717557,3.5813432835820893,2019-04-01
13,201905,731.5,217,87,116,1.3333333333333333,1.8706896551724137,3.370967741935484,2019-05-01
13,201906,800.0,228,90,114,1.2666666666666666,2.0,3.508771929824561,2019-06-01
14,201807,36.699999999999996,13,7,7,1.0,1.8571428571428572,2.823076923076923,2018-07-01
14,201808,46.800000000000004,14,8,8,1.0,1.75,3.342857142857143,2018-08-01
14,201809,36.9,9,5,5,1.0,1.8,4.1,2018-09-01
14,201810,42.0,11,6,6,1.0,1.8333333333333333,3.8181818181818183,2018-10-01
14,201811,45.0,13,7,7,1.0,1.8571428571428572,3.4615384615384617,2018-11-01
14,201812,24.2,10,5,5,1.0,2.0,2.42,2018-12-01
14,201901,15.0,4,2,2,1.0,2.0,3.75,2019-01-01
14,201902,34.4,10,5,5,1.0,2.0,3.44,2019-02-01
14,201903,13.2,4,2,2,1.0,2.0,3.3,2019-03-01
14,201904,17.3,5,3,3,1.0,1.6666666666666667,3.46,2019-04-01
14,201905,9.4,4,3,3,1.0,1.3333333333333333,2.35,2019-05-01
14,201906,53.2,12,7,7,1.0,1.7142857142857142,4.433333333333334,2019-06-01
15,201807,685.2,190,80,95,1.1875,2.0,3.6063157894736846,2018-07-01
15,201808,778.3,235,100,121,1.21,1.9421487603305785,3.311914893617021,2018-08-01
15,201809,744.4,214,81,107,1.3209876543209877,2.0,3.4785046728971962,2018-09-01
15,201810,784.4,216,86,108,1.255813953488372,2.0,3.6314814814814813,2018-10-01
15,201811,591.2,170,69,85,1.2318840579710144,2.0,3.4776470588235298,2018-11-01
15,201812,847.4,252,95,125,1.3157894736842106,2.016,3.3626984126984127,2018-12-01
15,201901,810.4,226,91,113,1.2417582417582418,2.0,3.5858407079646017,2019-01-01
15,201902,639.4,178,71,88,1.2394366197183098,2.022727272727273,3.5921348314606742,2019-02-01
15,201903,716.6,196,79,98,1.240506329113924,2.0,3.656122448979592,2019-03-01
15,201904,702.6,212,83,106,1.2771084337349397,2.0,3.3141509433962266,2019-04-01
15,201905,713.65,199,88,107,1.2159090909090908,1.8598130841121496,3.586180904522613,2019-05-01
15,201906,768.6,230,90,114,1.2666666666666666,2.017543859649123,3.3417391304347825,2019-06-01
16,201807,99.5,29,28,29,1.0357142857142858,1.0,3.4310344827586206,2018-07-01
16,201808,138.9,37,32,33,1.03125,1.121212121212121,3.754054054054054,2018-08-01
16,201809,130.9,38,32,36,1.125,1.0555555555555556,3.444736842105263,2018-09-01
16,201810,130.5,38,36,38,1.0555555555555556,1.0,3.4342105263157894,2018-10-01
16,201811,150.1,41,40,41,1.025,1.0,3.6609756097560973,2018-11-01
16,201812,169.1,49,43,46,1.069767441860465,1.065217391304348,3.451020408163265,2018-12-01
16,201901,150.7,40,40,40,1.0,1.0,3.7674999999999996,2019-01-01
16,201902,111.3,30,29,30,1.0344827586206897,1.0,3.71,2019-02-01
16,201903,147.5,38,35,38,1.0857142857142856,1.0,3.8815789473684212,2019-03-01
16,201904,82.3,26,26,26,1.0,1.0,3.1653846153846152,2019-04-01
16,201905,121.7,34,27,28,1.037037037037037,1.2142857142857142,3.5794117647058825,2019-05-01
16,201906,104.1,27,27,27,1.0,1.0,3.855555555555555,2019-06-01
17,201807,450.0,102,52,53,1.0192307692307692,1.9245283018867925,4.411764705882353,2018-07-01
17,201808,312.5,70,36,38,1.0555555555555556,1.8421052631578947,4.464285714285714,2018-08-01
17,201809,356.6,79,39,41,1.0512820512820513,1.9268292682926829,4.5139240506329115,2018-09-01
17,201810,300.3,68,37,37,1.0,1.837837837837838,4.416176470588235,2018-10-01
17,201811,362.8,80,38,42,1.105263157894737,1.9047619047619047,4.535,2018-11-01
17,201812,452.8,101,47,52,1.1063829787234043,1.9423076923076923,4.483168316831684,2018-12-01
17,201901,344.2,79,37,41,1.1081081081081081,1.9268292682926829,4.356962025316456,2019-01-01
17,201902,365.6,87,43,45,1.0465116279069768,1.9333333333333333,4.202298850574713,2019-02-01
17,201903,409.7,95,47,49,1.0425531914893618,1.9387755102040816,4.312631578947368,2019-03-01
17,201904,369.8,86,42,46,1.0952380952380953,1.8695652173913044,4.3,2019-04-01
17,201905,333.2,80,42,43,1.0238095238095237,1.8604651162790697,4.165,2019-05-01
17,201906,278.2,65,35,35,1.0,1.8571428571428572,4.28,2019-06-01
18,201807,271.3,74,45,46,1.0222222222222221,1.608695652173913,3.6662162162162164,2018-07-01
18,201808,271.0,72,47,49,1.0425531914893618,1.469387755102041,3.763888888888889,2018-08-01
18,201809,238.9,66,39,43,1.1025641025641026,1.5348837209302326,3.6196969696969696,2018-09-01
18,201810,315.7,90,54,58,1.0740740740740742,1.5517241379310345,3.5077777777777777,2018-10-01
18,201811,252.9,73,45,47,1.0444444444444445,1.553191489361702,3.4643835616438357,2018-11-01
18,201812,224.6,63,32,36,1.125,1.75,3.565079365079365,2018-12-01
18,201901,238.3,63,41,41,1.0,1.5365853658536586,3.782539682539683,2019-01-01
18,201902,182.7,50,30,31,1.0333333333333334,1.6129032258064515,3.654,2019-02-01
18,201903,241.0,67,41,42,1.024390243902439,1.5952380952380953,3.5970149253731343,2019-03-01
18,201904,238.1,67,43,46,1.069767441860465,1.4565217391304348,3.553731343283582,2019-04-01
18,201905,269.6,75,44,45,1.0227272727272727,1.6666666666666667,3.594666666666667,2019-05-01
18,201906,277.4,75,44,46,1.0454545454545454,1.6304347826086956,3.6986666666666665,2019-06-01
19,201807,693.4,156,80,91,1.1375,1.7142857142857142,4.444871794871795,2018-07-01
19,201808,697.0,162,82,93,1.1341463414634145,1.7419354838709677,4.302469135802469,2018-08-01
19,201809,703.2,155,76,88,1.1578947368421053,1.7613636363636365,4.536774193548387,2018-09-01
19,201810,697.2,156,79,89,1.1265822784810127,1.752808988764045,4.469230769230769,2018-10-01
19,201811,713.7,166,83,94,1.1325301204819278,1.7659574468085106,4.299397590361446,2018-11-01
19,201812,601.3,139,75,82,1.0933333333333333,1.6951219512195121,4.325899280575539,2018-12-01
19,201901,935.9,213,106,119,1.1226415094339623,1.7899159663865547,4.393896713615024,2019-01-01
19,201902,665.6,146,74,82,1.1081081081081081,1.7804878048780488,4.558904109589041,2019-02-01
19,201903,528.5,122,64,70,1.09375,1.7428571428571429,4.331967213114754,2019-03-01
19,201904,688.7,156,78,86,1.1025641025641026,1.813953488372093,4.41474358974359,2019-04-01
19,201905,783.2,179,88,102,1.1590909090909092,1.7549019607843137,4.375418994413408,2019-05-01
19,201906,658.3,150,70,81,1.1571428571428573,1.8518518518518519,4.3886666666666665,2019-06-01
20,201807,239.0,63,48,49,1.0208333333333333,1.2857142857142858,3.7936507936507935,2018-07-01
20,201808,188.0,52,38,40,1.0526315789473684,1.3,3.6153846153846154,2018-08-01
20,201809,205.5,61,43,45,1.0465116279069768,1.3555555555555556,3.3688524590163933,2018-09-01
20,201810,162.3,48,40,40,1.0,1.2,3.38125,2018-10-01
20,201811,149.1,43,34,35,1.0294117647058822,1.2285714285714286,3.467441860465116,2018-11-01
20,201812,155.0,45,34,35,1.0294117647058822,1.2857142857142858,3.4444444444444446,2018-12-01
20,201901,175.3,51,38,41,1.0789473684210527,1.2439024390243902,3.4372549019607845,2019-01-01
20,201902,156.7,46,36,37,1.0277777777777777,1.2432432432432432,3.4065217391304343,2019-02-01
20,201903,242.1,69,49,53,1.0816326530612246,1.3018867924528301,3.508695652173913,2019-03-01
20,201904,198.8,55,42,42,1.0,1.3095238095238095,3.6145454545454547,2019-04-01
20,201905,219.05,66,42,44,1.0476190476190477,1.5,3.3189393939393943,2019-05-01
20,201906,257.6,70,49,51,1.0408163265306123,1.3725490196078431,3.68,2019-06-01
21,201807,368.6,84,38,42,1.105263157894737,2.0,4.3880952380952385,2018-07-01
21,201808,499.90000000000003,115,55,62,1.1272727272727272,1.8548387096774193,4.346956521739131,2018-08-01
21,201809,372.4,89,40,45,1.125,1.9777777777777779,4.1842696629213485,2018-09-01
21,201810,321.2,76,36,38,1.0555555555555556,2.0,4.226315789473684,2018-10-01
21,201811,513.6,118,56,59,1.0535714285714286,2.0,4.352542372881356,2018-11-01
21,201812,450.2,102,49,51,1.0408163265306123,2.0,4.413725490196079,2018-12-01
21,201901,405.0,94,44,46,1.0454545454545454,2.0434782608695654,4.308510638297872,2019-01-01
21,201902,366.0,84,40,42,1.05,2.0,4.357142857142857,2019-02-01
21,201903,363.6,86,41,43,1.048780487804878,2.0,4.227906976744186,2019-03-01
21,201904,370.2,86,40,43,1.075,2.0,4.304651162790697,2019-04-01
21,201905,475.8,110,54,60,1.1111111111111112,1.8333333333333333,4.325454545454545,2019-05-01
21,201906,373.0,80,39,40,1.0256410256410255,2.0,4.6625,2019-06-01
22,201807,286.1,89,46,48,1.0434782608695652,1.8541666666666667,3.214606741573034,2018-07-01
22,201808,191.1,57,35,35,1.0,1.6285714285714286,3.3526315789473684,2018-08-01
22,201809,282.1,76,39,40,1.0256410256410255,1.9,3.711842105263158,2018-09-01
22,201810,302.9,84,43,45,1.0465116279069768,1.8666666666666667,3.6059523809523806,2018-10-01
22,201811,259.5,77,41,41,1.0,1.8780487804878048,3.3701298701298703,2018-11-01
22,201812,223.0,65,34,36,1.0588235294117647,1.8055555555555556,3.4307692307692306,2018-12-01
22,201901,319.1,93,46,53,1.1521739130434783,1.7547169811320755,3.431182795698925,2019-01-01
22,201902,344.0,90,44,45,1.0227272727272727,2.0,3.8222222222222224,2019-02-01
22,201903,290.6,85,47,47,1.0,1.8085106382978724,3.418823529411765,2019-03-01
22,201904,309.4,96,50,51,1.02,1.8823529411764706,3.2229166666666664,2019-04-01
22,201905,401.9,105,57,61,1.0701754385964912,1.721311475409836,3.8276190476190473,2019-05-01
22,201906,255.7,74,35,39,1.1142857142857143,1.8974358974358974,3.455405405405405,2019-06-01
23,201807,804.4,224,86,110,1.2790697674418605,2.036363636363636,3.5910714285714285,2018-07-01
23,201808,837.6,240,96,127,1.3229166666666667,1.889763779527559,3.49,2018-08-01
23,201809,645.2,194,82,93,1.1341463414634145,2.086021505376344,3.325773195876289,2018-09-01
23,201810,743.4,206,81,103,1.271604938271605,2.0,3.60873786407767,2018-10-01
23,201811,778.8,226,89,112,1.2584269662921348,2.017857142857143,3.446017699115044,2018-11-01
23,201812,906.6,254,94,125,1.3297872340425532,2.032,3.569291338582677,2018-12-01
23,201901,866.2,252,96,125,1.3020833333333333,2.016,3.4373015873015875,2019-01-01
23,201902,827.6,238,95,117,1.231578947368421,2.034188034188034,3.477310924369748,2019-02-01
23,201903,764.6,210,85,103,1.2117647058823529,2.0388349514563107,3.640952380952381,2019-03-01
23,201904,812.6,226,89,112,1.2584269662921348,2.017857142857143,3.595575221238938,2019-04-01
23,201905,749.7,214,92,113,1.2282608695652173,1.8938053097345133,3.5032710280373833,2019-05-01
23,201906,783.4,224,98,112,1.1428571428571428,2.0,3.4973214285714285,2019-06-01
24,201807,644.0,192,83,96,1.1566265060240963,2.0,3.3541666666666665,2018-07-01
24,201808,753.9,216,87,111,1.2758620689655173,1.945945945945946,3.4902777777777776,2018-08-01
24,201809,759.0,220,86,110,1.2790697674418605,2.0,3.45,2018-09-01
24,201810,789.0,224,86,112,1.302325581395349,2.0,3.5223214285714284,2018-10-01
24,201811,619.0,176,75,85,1.1333333333333333,2.070588235294118,3.5170454545454546,2018-11-01
24,201812,609.4,178,73,89,1.2191780821917808,2.0,3.4235955056179774,2018-12-01
24,201901,770.4,222,94,110,1.1702127659574468,2.018181818181818,3.4702702702702704,2019-01-01
24,201902,656.0,172,72,86,1.1944444444444444,2.0,3.813953488372093,2019-02-01
24,201903,795.6,224,86,111,1.2906976744186047,2.018018018018018,3.5517857142857143,2019-03-01
24,201904,682.6,200,77,100,1.2987012987012987,2.0,3.4130000000000003,2019-04-01
24,201905,750.8,223,87,115,1.3218390804597702,1.9391304347826086,3.3668161434977577,2019-05-01
24,201906,741.6,220,86,109,1.2674418604651163,2.018348623853211,3.370909090909091,2019-06-01
25,201807,394.2,90,42,45,1.0714285714285714,2.0,4.38,2018-07-01
25,201808,304.6,68,31,36,1.1612903225806452,1.8888888888888888,4.479411764705882,2018-08-01
25,201809,378.2,86,41,43,1.048780487804878,2.0,4.397674418604651,2018-09-01
25,201810,456.0,106,50,53,1.06,2.0,4.30188679245283,2018-10-01
25,201811,523.6,120,54,60,1.1111111111111112,2.0,4.363333333333333,2018-11-01
25,201812,441.6,100,46,50,1.0869565217391304,2.0,4.416,2018-12-01
25,201901,413.0,90,43,45,1.0465116279069768,2.0,4.588888888888889,2019-01-01
25,201902,410.2,94,44,47,1.0681818181818181,2.0,4.363829787234042,2019-02-01
25,201903,421.2,98,46,48,1.0434782608695652,2.0416666666666665,4.297959183673469,2019-03-01
25,201904,418.0,94,45,47,1.0444444444444445,2.0,4.446808510638298,2019-04-01
25,201905,379.85,88,44,46,1.0454545454545454,1.9130434782608696,4.316477272727273,2019-05-01
25,201906,430.8,96,45,48,1.0666666666666667,2.0,4.4875,2019-06-01
26,201807,1214.4,280,124,139,1.1209677419354838,2.014388489208633,4.337142857142857,2018-07-01
26,201808,965.3,223,102,117,1.1470588235294117,1.9059829059829059,4.328699551569507,2018-08-01
26,201809,1211.8,266,119,133,1.1176470588235294,2.0,4.55563909774436,2018-09-01
26,201810,1062.6,242,103,121,1.174757281553398,2.0,4.390909090909091,2018-10-01
26,201811,1166.4,260,108,130,1.2037037037037037,2.0,4.486153846153846,2018-11-01
26,201812,1215.0,274,116,137,1.1810344827586208,2.0,4.434306569343065,2018-12-01
26,201901,1123.0,256,108,128,1.1851851851851851,2.0,4.38671875,2019-01-01
26,201902,1038.8,238,99,117,1.1818181818181819,2.034188034188034,4.364705882352941,2019-02-01
26,201903,1241.8,284,125,141,1.128,2.0141843971631204,4.372535211267605,2019-03-01
26,201904,1151.8,266,112,132,1.1785714285714286,2.015151515151515,4.330075187969925,2019-04-01
26,201905,1039.7,234,101,122,1.2079207920792079,1.9180327868852458,4.443162393162393,2019-05-01
26,201906,1166.6,262,106,129,1.2169811320754718,2.0310077519379846,4.4526717557251905,2019-06-01
27,201807,449.7,101,49,51,1.0408163265306123,1.9803921568627452,4.452475247524752,2018-07-01
27,201808,526.9,118,56,60,1.0714285714285714,1.9666666666666666,4.465254237288136,2018-08-01
27,201809,405.8,94,46,47,1.0217391304347827,2.0,4.317021276595745,2018-09-01
27,201810,316.6,71,34,36,1.0588235294117647,1.9722222222222223,4.4591549295774655,2018-10-01
27,201811,362.3,82,42,42,1.0,1.9523809523809523,4.418292682926829,2018-11-01
27,201812,369.2,84,43,43,1.0,1.9534883720930232,4.395238095238095,2018-12-01
27,201901,373.0,81,40,42,1.05,1.9285714285714286,4.604938271604938,2019-01-01
27,201902,322.0,78,36,39,1.0833333333333333,2.0,4.128205128205129,2019-02-01
27,201903,418.6,92,42,48,1.1428571428571428,1.9166666666666667,4.55,2019-03-01
27,201904,443.0,99,46,50,1.0869565217391304,1.98,4.474747474747475,2019-04-01
27,201905,353.2,79,43,45,1.0465116279069768,1.7555555555555555,4.470886075949367,2019-05-01
27,201906,448.90000000000003,102,51,52,1.0196078431372548,1.9615384615384615,4.400980392156863,2019-06-01
28,201807,722.2,206,86,103,1.197674418604651,2.0,3.505825242718447,2018-07-01
28,201808,724.55,207,95,111,1.168421052631579,1.864864864864865,3.5002415458937195,2018-08-01
28,201809,726.8,194,76,97,1.2763157894736843,2.0,3.746391752577319,2018-09-01
28,201810,675.2,192,86,95,1.1046511627906976,2.0210526315789474,3.516666666666667,2018-10-01
28,201811,842.6,232,95,116,1.2210526315789474,2.0,3.631896551724138,2018-11-01
28,201812,794.6,244,98,122,1.2448979591836735,2.0,3.2565573770491802,2018-12-01
28,201901,759.0,216,87,107,1.2298850574712643,2.0186915887850465,3.513888888888889,2019-01-01
28,201902,830.0,234,91,115,1.2637362637362637,2.034782608695652,3.547008547008547,2019-02-01
28,201903,635.4,178,72,86,1.1944444444444444,2.0697674418604652,3.5696629213483146,2019-03-01
28,201904,793.2,216,88,108,1.2272727272727273,2.0,3.6722222222222225,2019-04-01
28,201905,578.7,171,74,88,1.1891891891891893,1.9431818181818181,3.3842105263157896,2019-05-01
28,201906,749.0,210,82,105,1.2804878048780488,2.0,3.566666666666667,2019-06-01
29,201807,288.8,67,35,35,1.0,1.9142857142857144,4.31044776119403,2018-07-01
29,201808,361.90000000000003,80,39,41,1.0512820512820513,1.951219512195122,4.523750000000001,2018-08-01
29,201809,454.9,101,46,52,1.1304347826086956,1.9423076923076923,4.503960396039604,2018-09-01
29,201810,284.8,66,33,34,1.0303030303030303,1.9411764705882353,4.315151515151515,2018-10-01
29,201811,317.6,71,33,36,1.0909090909090908,1.9722222222222223,4.473239436619719,2018-11-01
29,201812,376.0,87,42,45,1.0714285714285714,1.9333333333333333,4.32183908045977,2018-12-01
29,201901,434.8,101,48,52,1.0833333333333333,1.9423076923076923,4.304950495049505,2019-01-01
29,201902,330.0,76,34,38,1.1176470588235294,2.0,4.342105263157895,2019-02-01
29,201903,402.5,96,46,49,1.065217391304348,1.9591836734693877,4.192708333333333,2019-03-01
29,201904,381.5,83,41,43,1.048780487804878,1.930232558139535,4.596385542168675,2019-04-01
29,201905,436.6,104,53,57,1.0754716981132075,1.8245614035087718,4.198076923076924,2019-05-01
29,201906,388.4,89,46,46,1.0,1.934782608695652,4.3640449438202245,2019-06-01
30,201807,827.8,234,88,116,1.3181818181818181,2.0172413793103448,3.5376068376068375,2018-07-01
30,201808,873.9,251,107,128,1.1962616822429906,1.9609375,3.481673306772908,2018-08-01
30,201809,793.0,220,91,108,1.1868131868131868,2.037037037037037,3.6045454545454545,2018-09-01
30,201810,798.0,228,93,112,1.2043010752688172,2.0357142857142856,3.5,2018-10-01
30,201811,779.8,212,86,106,1.2325581395348837,2.0,3.6783018867924526,2018-11-01
30,201812,918.8,242,92,119,1.2934782608695652,2.033613445378151,3.796694214876033,2018-12-01
30,201901,755.8,216,89,108,1.2134831460674158,2.0,3.499074074074074,2019-01-01
30,201902,765.0,224,91,112,1.2307692307692308,2.0,3.4151785714285716,2019-02-01
30,201903,896.4,244,96,120,1.25,2.033333333333333,3.6737704918032787,2019-03-01
30,201904,782.4,220,89,109,1.2247191011235956,2.018348623853211,3.556363636363636,2019-04-01
30,201905,726.1,212,91,110,1.2087912087912087,1.9272727272727272,3.4250000000000003,2019-05-01
30,201906,762.6,220,90,109,1.211111111111111,2.018348623853211,3.4663636363636363,2019-06-01
31,201809,6.0,2,1,1,1.0,2.0,3.0,2018-09-01
31,201811,8.8,2,1,1,1.0,2.0,4.4,2018-11-01
32,201807,737.4,208,87,102,1.1724137931034482,2.0392156862745097,3.5451923076923078,2018-07-01
32,201808,719.0,209,90,106,1.1777777777777778,1.971698113207547,3.4401913875598087,2018-08-01
32,201809,752.4,216,82,108,1.3170731707317074,2.0,3.4833333333333334,2018-09-01
32,201810,951.4,266,95,132,1.3894736842105264,2.015151515151515,3.5766917293233083,2018-10-01
32,201811,958.6,270,104,133,1.2788461538461537,2.030075187969925,3.5503703703703704,2018-11-01
32,201812,879.0,254,98,123,1.2551020408163265,2.065040650406504,3.4606299212598426,2018-12-01
32,201901,756.6,206,76,101,1.3289473684210527,2.0396039603960396,3.672815533980583,2019-01-01
32,201902,524.8,150,62,73,1.1774193548387097,2.0547945205479454,3.4986666666666664,2019-02-01
32,201903,745.2,210,80,104,1.3,2.019230769230769,3.548571428571429,2019-03-01
32,201904,790.8,216,90,107,1.1888888888888889,2.0186915887850465,3.661111111111111,2019-04-01
32,201905,822.7,229,95,121,1.2736842105263158,1.8925619834710743,3.592576419213974,2019-05-01
32,201906,769.0,222,88,111,1.2613636363636365,2.0,3.463963963963964,2019-06-01
33,201807,1007.8,290,111,144,1.2972972972972974,2.013888888888889,3.4751724137931035,2018-07-01
33,201808,797.3000000000001,231,94,119,1.2659574468085106,1.9411764705882353,3.4515151515151516,2018-08-01
33,201809,854.4,234,99,116,1.1717171717171717,2.0172413793103448,3.651282051282051,2018-09-01
33,201810,865.2,242,100,121,1.21,2.0,3.5752066115702483,2018-10-01
33,201811,841.0,238,96,119,1.2395833333333333,2.0,3.533613445378151,2018-11-01
33,201812,940.0,256,98,127,1.2959183673469388,2.015748031496063,3.671875,2018-12-01
33,201901,910.2,257,98,126,1.2857142857142858,2.0396825396825395,3.5416342412451365,2019-01-01
33,201902,776.0,214,89,105,1.1797752808988764,2.038095238095238,3.6261682242990654,2019-02-01
33,201903,805.4,222,88,110,1.25,2.018181818181818,3.627927927927928,2019-03-01
33,201904,1024.6,286,100,141,1.41,2.028368794326241,3.582517482517482,2019-04-01
33,201905,903.2,254,101,132,1.306930693069307,1.9242424242424243,3.555905511811024,2019-05-01
33,201906,766.0,224,95,112,1.1789473684210525,2.0,3.419642857142857,2019-06-01
34,201807,325.6,75,37,39,1.054054054054054,1.9230769230769231,4.341333333333334,2018-07-01
34,201808,313.1,71,40,41,1.025,1.7317073170731707,4.409859154929578,2018-08-01
34,201809,311.2,72,36,36,1.0,2.0,4.322222222222222,2018-09-01
34,201810,403.9,89,46,47,1.0217391304347827,1.8936170212765957,4.538202247191011,2018-10-01
34,201811,323.7,77,37,41,1.1081081081081081,1.8780487804878048,4.203896103896104,2018-11-01
34,201812,430.2,100,49,52,1.0612244897959184,1.9230769230769231,4.302,2018-12-01
34,201901,341.0,75,37,39,1.054054054054054,1.9230769230769231,4.546666666666667,2019-01-01
34,201902,253.3,58,31,32,1.032258064516129,1.8125,4.367241379310345,2019-02-01
34,201903,322.5,75,39,39,1.0,1.9230769230769231,4.3,2019-03-01
34,201904,378.5,86,42,44,1.0476190476190477,1.9545454545454546,4.401162790697675,2019-04-01
34,201905,324.5,71,36,38,1.0555555555555556,1.868421052631579,4.570422535211268,2019-05-01
34,201906,263.3,62,31,33,1.064516129032258,1.878787878787879,4.246774193548387,2019-06-01
35,201807,116.1,34,34,34,1.0,1.0,3.414705882352941,2018-07-01
35,201808,130.70000000000002,38,36,36,1.0,1.0555555555555556,3.439473684210527,2018-08-01
35,201809,108.5,30,28,29,1.0357142857142858,1.0344827586206897,3.6166666666666667,2018-09-01
35,201810,115.3,31,30,30,1.0,1.0333333333333334,3.7193548387096773,2018-10-01
35,201811,105.60000000000001,31,29,29,1.0,1.0689655172413792,3.406451612903226,2018-11-01
35,201812,137.9,37,33,34,1.0303030303030303,1.088235294117647,3.7270270270270274,2018-12-01
35,201901,94.4,26,26,26,1.0,1.0,3.630769230769231,2019-01-01
35,201902,111.89999999999999,32,30,30,1.0,1.0666666666666667,3.4968749999999997,2019-02-01
35,201903,124.10000000000001,36,31,32,1.032258064516129,1.125,3.4472222222222224,2019-03-01
35,201904,143.6,41,37,40,1.0810810810810811,1.025,3.502439024390244,2019-04-01
35,201905,154.1,45,34,37,1.088235294117647,1.2162162162162162,3.424444444444444,2019-05-01
35,201906,124.0,32,28,30,1.0714285714285714,1.0666666666666667,3.875,2019-06-01
36,201807,953.0,214,98,106,1.0816326530612246,2.018867924528302,4.453271028037383,2018-07-01
36,201808,1032.15,236,108,124,1.1481481481481481,1.903225806451613,4.373516949152543,2018-08-01
36,201809,908.4,206,95,103,1.0842105263157895,2.0,4.409708737864078,2018-09-01
36,201810,1095.8,248,110,124,1.1272727272727272,2.0,4.418548387096774,2018-10-01
36,201811,1037.2,234,96,116,1.2083333333333333,2.0172413793103448,4.432478632478633,2018-11-01
36,201812,963.8000000000001,220,94,110,1.1702127659574468,2.0,4.380909090909091,2018-12-01
36,201901,862.2,202,85,100,1.1764705882352942,2.02,4.268316831683168,2019-01-01
36,201902,864.2,194,84,97,1.1547619047619047,2.0,4.454639175257732,2019-02-01
36,201903,901.2,206,91,103,1.1318681318681318,2.0,4.374757281553398,2019-03-01
36,201904,976.6,220,94,109,1.1595744680851063,2.018348623853211,4.439090909090909,2019-04-01
36,201905,859.3,200,96,108,1.125,1.8518518518518519,4.2965,2019-05-01
36,201906,1063.0,246,105,122,1.161904761904762,2.0163934426229506,4.321138211382114,2019-06-01
37,201807,430.8,92,45,47,1.0444444444444445,1.9574468085106382,4.682608695652174,2018-07-01
37,201808,527.35,120,61,64,1.0491803278688525,1.875,4.394583333333333,2018-08-01
37,201809,352.4,82,42,42,1.0,1.9523809523809523,4.2975609756097555,2018-09-01
37,201810,368.0,90,45,46,1.0222222222222221,1.9565217391304348,4.088888888888889,2018-10-01
37,201811,244.1,57,28,29,1.0357142857142858,1.9655172413793103,4.282456140350877,2018-11-01
37,201812,455.2,102,49,51,1.0408163265306123,2.0,4.462745098039216,2018-12-01
37,201901,381.9,84,39,43,1.1025641025641026,1.9534883720930232,4.546428571428571,2019-01-01
37,201902,340.2,78,38,40,1.0526315789473684,1.95,4.361538461538461,2019-02-01
37,201903,391.2,92,39,46,1.1794871794871795,2.0,4.252173913043478,2019-03-01
37,201904,387.2,92,44,46,1.0454545454545454,2.0,4.208695652173913,2019-04-01
37,201905,251.4,58,29,29,1.0,2.0,4.334482758620689,2019-05-01
37,201906,328.4,74,35,37,1.0571428571428572,2.0,4.437837837837837,2019-06-01
38,201807,286.2,73,44,46,1.0454545454545454,1.5869565217391304,3.9205479452054792,2018-07-01
38,201808,256.2,71,43,47,1.0930232558139534,1.5106382978723405,3.6084507042253517,2018-08-01
38,201809,263.2,73,42,45,1.0714285714285714,1.6222222222222222,3.6054794520547944,2018-09-01
38,201810,213.4,65,42,43,1.0238095238095237,1.5116279069767442,3.2830769230769232,2018-10-01
38,201811,321.4,90,51,55,1.0784313725490196,1.6363636363636365,3.5711111111111107,2018-11-01
38,201812,191.2,56,32,34,1.0625,1.6470588235294117,3.414285714285714,2018-12-01
38,201901,285.1,83,50,54,1.08,1.537037037037037,3.434939759036145,2019-01-01
38,201902,214.6,64,40,42,1.05,1.5238095238095237,3.353125,2019-02-01
38,201903,216.9,62,38,41,1.0789473684210527,1.5121951219512195,3.4983870967741937,2019-03-01
38,201904,211.70000000000002,60,37,37,1.0,1.6216216216216217,3.5283333333333338,2019-04-01
38,201905,197.0,58,38,40,1.0526315789473684,1.45,3.396551724137931,2019-05-01
38,201906,243.5,68,41,42,1.024390243902439,1.619047619047619,3.5808823529411766,2019-06-01
39,201807,807.8,236,91,116,1.2747252747252746,2.0344827586206895,3.422881355932203,2018-07-01
39,201808,885.3,246,98,125,1.2755102040816326,1.968,3.598780487804878,2018-08-01
39,201809,789.4,226,93,109,1.1720430107526882,2.073394495412844,3.4929203539823006,2018-09-01
39,201810,802.6,230,89,113,1.2696629213483146,2.0353982300884956,3.4895652173913043,2018-10-01
39,201811,800.0,230,97,115,1.1855670103092784,2.0,3.4782608695652173,2018-11-01
39,201812,774.2,224,88,112,1.2727272727272727,2.0,3.4562500000000003,2018-12-01
39,201901,784.4,230,89,115,1.2921348314606742,2.0,3.4104347826086956,2019-01-01
39,201902,599.6,170,77,84,1.0909090909090908,2.0238095238095237,3.527058823529412,2019-02-01
39,201903,862.0,248,96,124,1.2916666666666667,2.0,3.475806451612903,2019-03-01
39,201904,784.2,242,93,120,1.2903225806451613,2.0166666666666666,3.2404958677685953,2019-04-01
39,201905,731.25,211,87,107,1.2298850574712643,1.97196261682243,3.4656398104265405,2019-05-01
39,201906,773.2,220,92,108,1.173913043478261,2.037037037037037,3.5145454545454546,2019-06-01
40,201807,1230.0,286,122,142,1.1639344262295082,2.0140845070422535,4.300699300699301,2018-07-01
40,201808,1126.4,252,118,128,1.0847457627118644,1.96875,4.46984126984127,2018-08-01
40,201809,1261.0,290,131,145,1.1068702290076335,2.0,4.348275862068966,2018-09-01
40,201810,1201.2,268,109,132,1.2110091743119267,2.0303030303030303,4.482089552238806,2018-10-01
40,201811,997.4,224,102,112,1.0980392156862746,2.0,4.452678571428572,2018-11-01
40,201812,1213.0,282,119,140,1.1764705882352942,2.0142857142857142,4.301418439716312,2018-12-01
40,201901,1195.2,276,115,138,1.2,2.0,4.3304347826086955,2019-01-01
40,201902,1253.4,280,118,139,1.1779661016949152,2.014388489208633,4.476428571428571,2019-02-01
40,201903,1185.8,264,113,132,1.168141592920354,2.0,4.491666666666666,2019-03-01
40,201904,1136.8,258,112,129,1.1517857142857142,2.0,4.406201550387597,2019-04-01
40,201905,1271.5,291,130,155,1.1923076923076923,1.8774193548387097,4.369415807560137,2019-05-01
40,201906,1355.6,306,135,153,1.1333333333333333,2.0,4.4300653594771235,2019-06-01
41,201807,184.9,51,42,42,1.0,1.2142857142857142,3.6254901960784314,2018-07-01
41,201808,183.8,51,39,40,1.0256410256410255,1.275,3.603921568627451,2018-08-01
41,201809,193.1,53,41,42,1.024390243902439,1.2619047619047619,3.6433962264150943,2018-09-01
41,201810,133.9,38,30,33,1.1,1.1515151515151516,3.5236842105263158,2018-10-01
41,201811,164.0,49,38,38,1.0,1.2894736842105263,3.3469387755102042,2018-11-01
41,201812,196.9,56,41,45,1.0975609756097562,1.2444444444444445,3.5160714285714287,2018-12-01
41,201901,169.0,45,36,37,1.0277777777777777,1.2162162162162162,3.7555555555555555,2019-01-01
41,201902,226.4,65,47,47,1.0,1.3829787234042554,3.483076923076923,2019-02-01
41,201903,214.5,64,44,47,1.0681818181818181,1.3617021276595744,3.3515625,2019-03-01
41,201904,206.5,58,42,43,1.0238095238095237,1.3488372093023255,3.560344827586207,2019-04-01
41,201905,246.4,60,46,47,1.0217391304347827,1.2765957446808511,4.1066666666666665,2019-05-01
41,201906,204.5,58,43,48,1.1162790697674418,1.2083333333333333,3.5258620689655173,2019-06-01
42,201807,27.3,9,7,7,1.0,1.2857142857142858,3.033333333333333,2018-07-01
42,201808,44.9,12,8,8,1.0,1.5,3.7416666666666667,2018-08-01
42,201809,21.2,8,6,6,1.0,1.3333333333333333,2.65,2018-09-01
42,201810,14.700000000000001,4,3,3,1.0,1.3333333333333333,3.6750000000000003,2018-10-01
42,201811,8.4,2,2,2,1.0,1.0,4.2,2018-11-01
42,201812,9.7,3,3,3,1.0,1.0,3.233333333333333,2018-12-01
42,201901,32.6,9,8,8,1.0,1.125,3.6222222222222222,2019-01-01
42,201902,12.0,3,3,3,1.0,1.0,4.0,2019-02-01
42,201903,24.2,6,5,5,1.0,1.2,4.033333333333333,2019-03-01
42,201904,6.7,2,2,2,1.0,1.0,3.35,2019-04-01
42,201905,27.6,9,8,8,1.0,1.125,3.066666666666667,2019-05-01
42,201906,15.5,5,5,5,1.0,1.0,3.1,2019-06-01
43,201807,948.4,274,112,137,1.2232142857142858,2.0,3.4613138686131384,2018-07-01
43,201808,869.7,255,96,128,1.3333333333333333,1.9921875,3.4105882352941177,2018-08-01
43,201809,932.4,256,97,128,1.3195876288659794,2.0,3.6421875,2018-09-01
43,201810,976.4,276,110,137,1.2454545454545454,2.0145985401459856,3.53768115942029,2018-10-01
43,201811,883.2,246,98,123,1.2551020408163265,2.0,3.5902439024390245,2018-11-01
43,201812,1208.2,324,119,161,1.3529411764705883,2.012422360248447,3.7290123456790125,2018-12-01
43,201901,937.8000000000001,266,105,132,1.2571428571428571,2.015151515151515,3.5255639097744362,2019-01-01
43,201902,777.8,214,91,107,1.1758241758241759,2.0,3.6345794392523363,2019-02-01
43,201903,995.8,284,109,142,1.3027522935779816,2.0,3.5063380281690137,2019-03-01
43,201904,882.8,247,94,122,1.297872340425532,2.0245901639344264,3.5740890688259106,2019-04-01
43,201905,997.65,280,114,146,1.280701754385965,1.917808219178082,3.5630357142857143,2019-05-01
43,201906,1030.2,304,114,152,1.3333333333333333,2.0,3.3888157894736843,2019-06-01
44,201807,23.7,6,4,4,1.0,1.5,3.9499999999999997,2018-07-01
44,201809,16.4,5,3,3,1.0,1.6666666666666667,3.28,2018-09-01
44,201810,26.9,7,5,5,1.0,1.4,3.8428571428571425,2018-10-01
44,201811,26.6,7,4,4,1.0,1.75,3.8000000000000003,2018-11-01
44,201812,33.5,11,7,7,1.0,1.5714285714285714,3.0454545454545454,2018-12-01
44,201901,19.8,7,5,5,1.0,1.4,2.8285714285714287,2019-01-01
44,201902,31.6,6,3,3,1.0,2.0,5.266666666666667,2019-02-01
44,201903,23.7,8,5,5,1.0,1.6,2.9625,2019-03-01
44,201904,13.0,4,3,3,1.0,1.3333333333333333,3.25,2019-04-01
44,201905,56.5,13,6,6,1.0,2.1666666666666665,4.346153846153846,2019-05-01
44,201906,47.0,14,8,8,1.0,1.75,3.357142857142857,2019-06-01
45,201807,930.8000000000001,272,108,136,1.2592592592592593,2.0,3.422058823529412,2018-07-01
45,201808,615.4,174,78,94,1.205128205128205,1.851063829787234,3.536781609195402,2018-08-01
45,201809,647.2,182,77,90,1.1688311688311688,2.022222222222222,3.5560439560439563,2018-09-01
45,201810,638.4,180,78,88,1.1282051282051282,2.0454545454545454,3.5466666666666664,2018-10-01
45,201811,749.2,212,81,104,1.2839506172839505,2.0384615384615383,3.5339622641509436,2018-11-01
45,201812,725.2,202,82,100,1.2195121951219512,2.02,3.59009900990099,2018-12-01
45,201901,886.8,256,98,126,1.2857142857142858,2.0317460317460316,3.4640625,2019-01-01
45,201902,780.4,208,83,104,1.2530120481927711,2.0,3.751923076923077,2019-02-01
45,201903,675.4,194,82,97,1.1829268292682926,2.0,3.4814432989690722,2019-03-01
45,201904,772.2,220,86,110,1.2790697674418605,2.0,3.5100000000000002,2019-04-01
45,201905,611.8,183,82,99,1.2073170731707317,1.8484848484848484,3.3431693989071034,2019-05-01
45,201906,811.0,226,92,111,1.2065217391304348,2.036036036036036,3.588495575221239,2019-06-01
46,201807,203.6,62,39,40,1.0256410256410255,1.55,3.2838709677419353,2018-07-01
46,201808,232.5,63,41,43,1.048780487804878,1.4651162790697674,3.6904761904761907,2018-08-01
46,201809,217.6,67,39,41,1.0512820512820513,1.6341463414634145,3.2477611940298505,2018-09-01
46,201810,262.5,75,44,45,1.0227272727272727,1.6666666666666667,3.5,2018-10-01
46,201811,241.9,65,37,39,1.054054054054054,1.6666666666666667,3.7215384615384615,2018-11-01
46,201812,290.1,81,47,50,1.0638297872340425,1.62,3.581481481481482,2018-12-01
46,201901,160.6,47,31,31,1.0,1.5161290322580645,3.4170212765957446,2019-01-01
46,201902,191.4,60,34,34,1.0,1.7647058823529411,3.19,2019-02-01
46,201903,243.70000000000002,65,38,38,1.0,1.7105263157894737,3.7492307692307696,2019-03-01
46,201904,246.4,75,43,45,1.0465116279069768,1.6666666666666667,3.2853333333333334,2019-04-01
46,201905,189.45,59,34,35,1.0294117647058822,1.6857142857142857,3.211016949152542,2019-05-01
46,201906,255.0,73,41,43,1.048780487804878,1.697674418604651,3.493150684931507,2019-06-01
47,201807,284.3,84,43,44,1.0232558139534884,1.9090909090909092,3.3845238095238095,2018-07-01
47,201808,387.05,100,53,56,1.0566037735849056,1.7857142857142858,3.8705000000000003,2018-08-01
47,201809,407.8,109,55,57,1.0363636363636364,1.912280701754386,3.741284403669725,2018-09-01
47,201810,366.5,101,45,51,1.1333333333333333,1.9803921568627452,3.628712871287129,2018-10-01
47,201811,311.9,96,47,50,1.0638297872340425,1.92,3.248958333333333,2018-11-01
47,201812,464.6,141,69,74,1.0724637681159421,1.9054054054054055,3.295035460992908,2018-12-01
47,201901,363.3,100,51,53,1.0392156862745099,1.8867924528301887,3.633,2019-01-01
47,201902,336.5,92,46,47,1.0217391304347827,1.9574468085106382,3.657608695652174,2019-02-01
47,201903,291.1,80,40,42,1.05,1.9047619047619047,3.6387500000000004,2019-03-01
47,201904,368.0,103,50,53,1.06,1.9433962264150944,3.5728155339805827,2019-04-01
47,201905,336.4,92,44,46,1.0454545454545454,2.0,3.6565217391304343,2019-05-01
47,201906,370.2,108,54,58,1.0740740740740742,1.8620689655172413,3.4277777777777776,2019-06-01
48,201807,871.4,252,95,126,1.3263157894736841,2.0,3.4579365079365076,2018-07-01
48,201808,828.6,229,96,117,1.21875,1.9572649572649572,3.618340611353712,2018-08-01
48,201809,759.8,216,85,107,1.2588235294117647,2.0186915887850465,3.5175925925925924,2018-09-01
48,201810,807.4,232,85,113,1.3294117647058823,2.0530973451327434,3.4801724137931034,2018-10-01
48,201811,744.4,214,85,104,1.223529411764706,2.0576923076923075,3.4785046728971962,2018-11-01
48,201812,859.6,224,83,111,1.3373493975903614,2.018018018018018,3.8375,2018-12-01
48,201901,836.2,240,101,118,1.1683168316831682,2.0338983050847457,3.484166666666667,2019-01-01
48,201902,717.4,198,81,97,1.1975308641975309,2.0412371134020617,3.623232323232323,2019-02-01
48,201903,748.2,214,90,105,1.1666666666666667,2.038095238095238,3.496261682242991,2019-03-01
48,201904,788.4,234,87,114,1.3103448275862069,2.0526315789473686,3.3692307692307693,2019-04-01
48,201905,745.6,210,84,109,1.2976190476190477,1.926605504587156,3.5504761904761906,2019-05-01
48,201906,838.4,250,96,124,1.2916666666666667,2.0161290322580645,3.3535999999999997,2019-06-01
49,201807,1053.8,242,101,122,1.2079207920792079,1.9836065573770492,4.3545454545454545,2018-07-01
49,201808,779.5,179,81,90,1.1111111111111112,1.988888888888889,4.354748603351955,2018-08-01
49,201809,1044.3,238,101,120,1.188118811881188,1.9833333333333334,4.38781512605042,2018-09-01
49,201810,1016.4,231,93,115,1.2365591397849462,2.008695652173913,4.3999999999999995,2018-10-01
49,201811,985.4,224,96,112,1.1666666666666667,2.0,4.399107142857143,2018-11-01
49,201812,1077.9,243,111,121,1.09009009009009,2.0082644628099175,4.435802469135803,2018-12-01
49,201901,1107.0,251,111,128,1.1531531531531531,1.9609375,4.410358565737051,2019-01-01
49,201902,926.1,218,99,109,1.101010101010101,2.0,4.248165137614679,2019-02-01
49,201903,1159.8,268,115,134,1.1652173913043478,2.0,4.327611940298508,2019-03-01
49,201904,962.8,217,103,110,1.0679611650485437,1.9727272727272727,4.436866359447005,2019-04-01
49,201905,1136.6,264,116,136,1.1724137931034482,1.9411764705882353,4.30530303030303,2019-05-01
49,201906,1222.1,281,119,142,1.1932773109243697,1.9788732394366197,4.349110320284697,2019-06-01
50,201807,306.6,83,51,54,1.0588235294117647,1.537037037037037,3.693975903614458,2018-07-01
50,201808,282.1,83,50,53,1.06,1.5660377358490567,3.398795180722892,2018-08-01
50,201809,253.6,70,45,49,1.0888888888888888,1.4285714285714286,3.6228571428571428,2018-09-01
50,201810,229.20000000000002,68,42,45,1.0714285714285714,1.511111111111111,3.370588235294118,2018-10-01
50,201811,212.5,55,34,35,1.0294117647058822,1.5714285714285714,3.8636363636363638,2018-11-01
50,201812,309.9,91,59,64,1.0847457627118644,1.421875,3.4054945054945054,2018-12-01
50,201901,195.0,55,37,39,1.054054054054054,1.4102564102564104,3.5454545454545454,2019-01-01
50,201902,149.1,43,31,31,1.0,1.3870967741935485,3.467441860465116,2019-02-01
50,201903,227.0,63,42,45,1.0714285714285714,1.4,3.6031746031746033,2019-03-01
50,201904,217.4,63,42,43,1.0238095238095237,1.4651162790697674,3.450793650793651,2019-04-01
50,201905,219.5,61,39,40,1.0256410256410255,1.525,3.598360655737705,2019-05-01
50,201906,258.0,71,41,45,1.0975609756097562,1.5777777777777777,3.6338028169014085,2019-06-01
51,201807,111.0,32,27,30,1.1111111111111112,1.0666666666666667,3.46875,2018-07-01
51,201808,189.7,51,35,38,1.0857142857142856,1.3421052631578947,3.7196078431372546,2018-08-01
51,201809,150.6,43,35,38,1.0857142857142856,1.131578947368421,3.5023255813953487,2018-09-01
51,201810,126.7,34,28,29,1.0357142857142858,1.1724137931034482,3.726470588235294,2018-10-01
51,201811,154.9,45,38,39,1.0263157894736843,1.1538461538461537,3.4422222222222225,2018-11-01
51,201812,163.0,49,39,42,1.0769230769230769,1.1666666666666667,3.326530612244898,2018-12-01
51,201901,157.3,41,32,34,1.0625,1.2058823529411764,3.836585365853659,2019-01-01
51,201902,194.1,54,45,45,1.0,1.2,3.5944444444444446,2019-02-01
51,201903,143.0,41,36,36,1.0,1.1388888888888888,3.4878048780487805,2019-03-01
51,201904,146.3,40,33,34,1.0303030303030303,1.1764705882352942,3.6575,2019-04-01
51,201905,197.1,55,44,47,1.0681818181818181,1.1702127659574468,3.5836363636363635,2019-05-01
51,201906,119.5,33,26,27,1.0384615384615385,1.2222222222222223,3.621212121212121,2019-06-01
52,201807,17.5,5,3,3,1.0,1.6666666666666667,3.5,2018-07-01
52,201808,40.3,13,7,7,1.0,1.8571428571428572,3.0999999999999996,2018-08-01
52,201809,25.799999999999997,7,4,4,1.0,1.75,3.6857142857142855,2018-09-01
52,201810,34.3,8,5,5,1.0,1.6,4.2875,2018-10-01
52,201811,33.0,12,6,6,1.0,2.0,2.75,2018-11-01
52,201812,47.8,12,6,6,1.0,2.0,3.983333333333333,2018-12-01
52,201901,42.2,10,6,6,1.0,1.6666666666666667,4.220000000000001,2019-01-01
52,201902,27.1,7,4,4,1.0,1.75,3.8714285714285714,2019-02-01
52,201903,42.6,14,7,7,1.0,2.0,3.042857142857143,2019-03-01
52,201904,46.3,13,9,9,1.0,1.4444444444444444,3.5615384615384613,2019-04-01
52,201905,32.6,10,6,6,1.0,1.6666666666666667,3.2600000000000002,2019-05-01
52,201906,62.4,15,9,9,1.0,1.6666666666666667,4.16,2019-06-01
53,201807,204.1,63,38,39,1.0263157894736843,1.6153846153846154,3.2396825396825397,2018-07-01
53,201808,234.6,70,43,44,1.0232558139534884,1.5909090909090908,3.3514285714285714,2018-08-01
53,201809,168.0,51,34,35,1.0294117647058822,1.457142857142857,3.2941176470588234,2018-09-01
53,201810,208.0,61,37,39,1.054054054054054,1.564102564102564,3.4098360655737703,2018-10-01
53,201811,203.3,58,42,43,1.0238095238095237,1.3488372093023255,3.5051724137931037,2018-11-01
53,201812,294.8,79,51,53,1.0392156862745099,1.490566037735849,3.7316455696202535,2018-12-01
53,201901,150.4,41,27,27,1.0,1.5185185185185186,3.6682926829268294,2019-01-01
53,201902,179.1,54,36,37,1.0277777777777777,1.4594594594594594,3.3166666666666664,2019-02-01
53,201903,225.8,65,45,45,1.0,1.4444444444444444,3.473846153846154,2019-03-01
53,201904,215.0,60,37,39,1.054054054054054,1.5384615384615385,3.5833333333333335,2019-04-01
53,201905,254.25,70,47,49,1.0425531914893618,1.4285714285714286,3.632142857142857,2019-05-01
53,201906,193.7,51,40,41,1.025,1.2439024390243902,3.7980392156862743,2019-06-01
54,201807,470.6,102,46,51,1.108695652173913,2.0,4.613725490196079,2018-07-01
54,201808,363.8,82,40,42,1.05,1.9523809523809523,4.4365853658536585,2018-08-01
54,201809,466.40000000000003,104,48,52,1.0833333333333333,2.0,4.484615384615385,2018-09-01
54,201810,421.6,100,49,50,1.0204081632653061,2.0,4.216,2018-10-01
54,201811,463.40000000000003,113,55,57,1.0363636363636364,1.9824561403508771,4.100884955752213,2018-11-01
54,201812,427.6,96,43,48,1.1162790697674418,2.0,4.454166666666667,2018-12-01
54,201901,548.8,122,58,61,1.0517241379310345,2.0,4.498360655737705,2019-01-01
54,201902,311.2,70,34,35,1.0294117647058822,2.0,4.445714285714286,2019-02-01
54,201903,437.6,100,49,50,1.0204081632653061,2.0,4.376,2019-03-01
54,201904,507.2,116,53,58,1.0943396226415094,2.0,4.372413793103449,2019-04-01
54,201905,323.25,73,38,41,1.0789473684210527,1.7804878048780488,4.428082191780822,2019-05-01
54,201906,379.5,89,43,45,1.0465116279069768,1.9777777777777779,4.264044943820225,2019-06-01
55,201807,826.6,236,94,115,1.2234042553191489,2.0521739130434784,3.502542372881356,2018-07-01
55,201808,852.3,248,98,126,1.2857142857142858,1.9682539682539681,3.4366935483870966,2018-08-01
55,201809,1003.2,278,111,138,1.2432432432432432,2.0144927536231885,3.60863309352518,2018-09-01
55,201810,959.6,272,100,133,1.33,2.045112781954887,3.527941176470588,2018-10-01
55,201811,705.4,202,79,99,1.2531645569620253,2.04040404040404,3.492079207920792,2018-11-01
55,201812,745.2,222,87,109,1.2528735632183907,2.036697247706422,3.356756756756757,2018-12-01
55,201901,956.0,268,111,133,1.1981981981981982,2.0150375939849625,3.5671641791044775,2019-01-01
55,201902,703.0,204,86,100,1.1627906976744187,2.04,3.446078431372549,2019-02-01
55,201903,885.4,256,97,126,1.2989690721649485,2.0317460317460316,3.45859375,2019-03-01
55,201904,799.4,220,88,108,1.2272727272727273,2.037037037037037,3.6336363636363633,2019-04-01
55,201905,705.75,195,85,105,1.2352941176470589,1.8571428571428572,3.6192307692307693,2019-05-01
55,201906,921.2,258,98,128,1.3061224489795917,2.015625,3.570542635658915,2019-06-01
56,201807,647.6,176,81,88,1.0864197530864197,2.0,3.6795454545454547,2018-07-01
56,201808,589.8,181,75,91,1.2133333333333334,1.989010989010989,3.258563535911602,2018-08-01
56,201809,649.2,186,73,92,1.2602739726027397,2.0217391304347827,3.4903225806451617,2018-09-01
56,201810,804.8,228,92,114,1.2391304347826086,2.0,3.5298245614035086,2018-10-01
56,201811,690.6,206,84,102,1.2142857142857142,2.019607843137255,3.3524271844660194,2018-11-01
56,201812,717.2,206,81,101,1.2469135802469136,2.0396039603960396,3.4815533980582525,2018-12-01
56,201901,581.8,170,67,84,1.2537313432835822,2.0238095238095237,3.42235294117647,2019-01-01
56,201902,595.8,168,72,83,1.1527777777777777,2.0240963855421685,3.5464285714285713,2019-02-01
56,201903,654.4,184,78,92,1.1794871794871795,2.0,3.5565217391304347,2019-03-01
56,201904,702.6,204,80,101,1.2625,2.01980198019802,3.4441176470588237,2019-04-01
56,201905,616.95,170,73,87,1.1917808219178083,1.9540229885057472,3.629117647058824,2019-05-01
56,201906,574.1,171,73,86,1.178082191780822,1.9883720930232558,3.357309941520468,2019-06-01
57,201807,768.8,226,97,112,1.1546391752577319,2.017857142857143,3.4017699115044246,2018-07-01
57,201808,873.9,237,100,123,1.23,1.9268292682926829,3.687341772151899,2018-08-01
57,201809,742.4,216,95,106,1.1157894736842104,2.0377358490566038,3.437037037037037,2018-09-01
57,201810,870.2,246,96,123,1.28125,2.0,3.53739837398374,2018-10-01
57,201811,779.6,216,94,108,1.148936170212766,2.0,3.609259259259259,2018-11-01
57,201812,896.8,248,100,124,1.24,2.0,3.616129032258064,2018-12-01
57,201901,747.4,214,80,107,1.3375,2.0,3.492523364485981,2019-01-01
57,201902,878.8,250,104,124,1.1923076923076923,2.0161290322580645,3.5151999999999997,2019-02-01
57,201903,762.4,232,96,113,1.1770833333333333,2.0530973451327434,3.286206896551724,2019-03-01
57,201904,865.2,264,103,130,1.2621359223300972,2.0307692307692307,3.2772727272727273,2019-04-01
57,201905,794.1,228,102,120,1.1764705882352942,1.9,3.4828947368421055,2019-05-01
57,201906,801.2,236,95,117,1.231578947368421,2.017094017094017,3.3949152542372882,2019-06-01
58,201807,1515.0,349,138,174,1.2608695652173914,2.0057471264367814,4.340974212034384,2018-07-01
58,201808,962.15,223,99,117,1.1818181818181819,1.9059829059829059,4.31457399103139,2018-08-01
58,201809,1338.4,308,127,152,1.1968503937007875,2.026315789473684,4.345454545454546,2018-09-01
58,201810,1348.4,302,123,149,1.2113821138211383,2.0268456375838926,4.464900662251656,2018-10-01
58,201811,1073.2,246,106,120,1.1320754716981132,2.05,4.362601626016261,2018-11-01
58,201812,1144.8,267,120,134,1.1166666666666667,1.992537313432836,4.287640449438202,2018-12-01
58,201901,1195.0,279,119,139,1.1680672268907564,2.0071942446043165,4.2831541218638,2019-01-01
58,201902,1069.8,246,110,123,1.1181818181818182,2.0,4.348780487804878,2019-02-01
58,201903,1218.2,280,115,138,1.2,2.028985507246377,4.350714285714286,2019-03-01
58,201904,1324.4,296,123,148,1.2032520325203253,2.0,4.474324324324325,2019-04-01
58,201905,1024.4,236,104,118,1.1346153846153846,2.0,4.340677966101695,2019-05-01
58,201906,1043.2,236,99,117,1.1818181818181819,2.017094017094017,4.420338983050848,2019-06-01
59,201807,1145.2,256,114,129,1.131578947368421,1.9844961240310077,4.4734375,2018-07-01
59,201808,881.5,202,95,108,1.1368421052631579,1.8703703703703705,4.3638613861386135,2018-08-01
59,201809,1044.0,236,105,118,1.1238095238095238,2.0,4.423728813559322,2018-09-01
59,201810,1115.4,262,106,130,1.2264150943396226,2.0153846153846153,4.257251908396947,2018-10-01
59,201811,913.4,218,93,108,1.1612903225806452,2.0185185185185186,4.1899082568807335,2018-11-01
59,201812,1103.5,250,111,126,1.135135135135135,1.9841269841269842,4.414,2018-12-01
59,201901,1026.6,235,104,118,1.1346153846153846,1.9915254237288136,4.368510638297872,2019-01-01
59,201902,871.1,202,93,102,1.096774193548387,1.9803921568627452,4.312376237623763,2019-02-01
59,201903,1007.2,236,92,118,1.2826086956521738,2.0,4.2677966101694915,2019-03-01
59,201904,1008.4,232,108,117,1.0833333333333333,1.982905982905983,4.346551724137931,2019-04-01
59,201905,820.05,194,88,105,1.1931818181818181,1.8476190476190477,4.227061855670103,2019-05-01
59,201906,1179.6,267,114,134,1.1754385964912282,1.992537313432836,4.417977528089887,2019-06-01
60,201807,1035.2,236,102,118,1.1568627450980393,2.0,4.386440677966102,2018-07-01
60,201808,1003.4,229,95,117,1.231578947368421,1.9572649572649572,4.3816593886462885,2018-08-01
60,201809,998.1,231,93,117,1.2580645161290323,1.9743589743589745,4.320779220779221,2018-09-01
60,201810,918.0,210,92,106,1.1521739130434783,1.9811320754716981,4.371428571428571,2018-10-01
60,201811,1087.9,252,107,125,1.1682242990654206,2.016,4.317063492063492,2018-11-01
60,201812,1170.7,271,112,136,1.2142857142857142,1.9926470588235294,4.319926199261992,2018-12-01
60,201901,942.8,215,91,108,1.1868131868131868,1.9907407407407407,4.385116279069767,2019-01-01
60,201902,871.7,203,89,101,1.1348314606741574,2.00990099009901,4.294088669950739,2019-02-01
60,201903,1029.6,236,108,119,1.1018518518518519,1.9831932773109244,4.362711864406779,2019-03-01
60,201904,1070.8,249,101,124,1.2277227722772277,2.0080645161290325,4.3004016064257025,2019-04-01
60,201905,1086.3,248,108,129,1.1944444444444444,1.9224806201550388,4.380241935483871,2019-05-01
60,201906,866.6,204,90,102,1.1333333333333333,2.0,4.2480392156862745,2019-06-01
61,201807,38.4,12,6,6,1.0,2.0,3.1999999999999997,2018-07-01
61,201808,22.7,6,5,5,1.0,1.2,3.783333333333333,2018-08-01
61,201809,99.0,26,13,13,1.0,2.0,3.8076923076923075,2018-09-01
61,201810,56.0,14,7,7,1.0,2.0,4.0,2018-10-01
61,201811,36.8,14,7,7,1.0,2.0,2.6285714285714286,2018-11-01
61,201812,27.799999999999997,8,4,4,1.0,2.0,3.4749999999999996,2018-12-01
61,201901,42.2,15,8,8,1.0,1.875,2.8133333333333335,2019-01-01
61,201902,47.1,17,9,9,1.0,1.8888888888888888,2.7705882352941176,2019-02-01
61,201903,57.400000000000006,18,9,9,1.0,2.0,3.188888888888889,2019-03-01
61,201904,36.800000000000004,8,4,4,1.0,2.0,4.6000000000000005,2019-04-01
61,201905,27.5,11,5,6,1.2,1.8333333333333333,2.5,2019-05-01
61,201906,24.8,8,4,4,1.0,2.0,3.1,2019-06-01
62,201807,952.8000000000001,270,105,135,1.2857142857142858,2.0,3.528888888888889,2018-07-01
62,201808,745.6,213,87,106,1.2183908045977012,2.009433962264151,3.500469483568075,2018-08-01
62,201809,876.4,242,95,120,1.263157894736842,2.0166666666666666,3.621487603305785,2018-09-01
62,201810,764.0,220,94,109,1.1595744680851063,2.018348623853211,3.4727272727272727,2018-10-01
62,201811,856.4,246,89,121,1.3595505617977528,2.0330578512396693,3.4813008130081298,2018-11-01
62,201812,821.8,246,99,123,1.2424242424242424,2.0,3.3406504065040648,2018-12-01
62,201901,811.8,230,91,114,1.2527472527472527,2.017543859649123,3.5295652173913044,2019-01-01
62,201902,807.0,232,97,115,1.1855670103092784,2.017391304347826,3.478448275862069,2019-02-01
62,201903,855.6,246,99,122,1.2323232323232323,2.0163934426229506,3.478048780487805,2019-03-01
62,201904,842.8,238,101,119,1.1782178217821782,2.0,3.541176470588235,2019-04-01
62,201905,699.5,201,88,105,1.1931818181818181,1.9142857142857144,3.4800995024875623,2019-05-01
62,201906,748.6,204,84,102,1.2142857142857142,2.0,3.669607843137255,2019-06-01
63,201807,967.8,260,106,129,1.2169811320754718,2.0155038759689923,3.7223076923076923,2018-07-01
63,201808,924.9,263,104,134,1.2884615384615385,1.962686567164179,3.5167300380228137,2018-08-01
63,201809,926.2,262,105,129,1.2285714285714286,2.0310077519379846,3.535114503816794,2018-09-01
63,201810,819.2,232,91,116,1.2747252747252746,2.0,3.531034482758621,2018-10-01
63,201811,883.8,252,104,126,1.2115384615384615,2.0,3.507142857142857,2018-11-01
63,201812,917.0,262,106,129,1.2169811320754718,2.0310077519379846,3.5,2018-12-01
63,201901,939.0,270,106,135,1.2735849056603774,2.0,3.477777777777778,2019-01-01
63,201902,672.4,190,77,95,1.2337662337662338,2.0,3.5389473684210526,2019-02-01
63,201903,1021.0,282,112,141,1.2589285714285714,2.0,3.620567375886525,2019-03-01
63,201904,976.8,282,116,140,1.206896551724138,2.0142857142857142,3.4638297872340424,2019-04-01
63,201905,1059.5,311,124,159,1.282258064516129,1.9559748427672956,3.4067524115755625,2019-05-01
63,201906,992.6,290,110,143,1.3,2.027972027972028,3.422758620689655,2019-06-01
64,201807,495.0,112,53,56,1.0566037735849056,2.0,4.419642857142857,2018-07-01
64,201808,364.1,84,41,44,1.0731707317073171,1.9090909090909092,4.33452380952381,2018-08-01
64,201809,378.6,84,41,42,1.024390243902439,2.0,4.507142857142857,2018-09-01
64,201810,452.0,102,48,51,1.0625,2.0,4.431372549019608,2018-10-01
64,201811,338.6,76,34,38,1.1176470588235294,2.0,4.455263157894737,2018-11-01
64,201812,332.8,76,36,38,1.0555555555555556,2.0,4.378947368421053,2018-12-01
64,201901,318.0,72,34,36,1.0588235294117647,2.0,4.416666666666667,2019-01-01
64,201902,319.2,76,37,38,1.027027027027027,2.0,4.2,2019-02-01
64,201903,463.4,108,49,54,1.1020408163265305,2.0,4.29074074074074,2019-03-01
64,201904,401.6,89,44,45,1.0227272727272727,1.9777777777777779,4.512359550561798,2019-04-01
64,201905,404.9,94,47,51,1.0851063829787233,1.8431372549019607,4.307446808510638,2019-05-01
64,201906,320.4,74,36,37,1.0277777777777777,2.0,4.3297297297297295,2019-06-01
65,201807,931.8,209,99,106,1.0707070707070707,1.971698113207547,4.458373205741626,2018-07-01
65,201808,908.9,209,97,113,1.1649484536082475,1.8495575221238938,4.348803827751196,2018-08-01
65,201809,901.7,206,91,107,1.1758241758241759,1.925233644859813,4.3771844660194175,2018-09-01
65,201810,996.5,226,101,117,1.1584158415841583,1.9316239316239316,4.40929203539823,2018-10-01
65,201811,1030.2,238,104,122,1.1730769230769231,1.9508196721311475,4.328571428571429,2018-11-01
65,201812,1203.0,273,118,139,1.1779661016949152,1.9640287769784173,4.406593406593407,2018-12-01
65,201901,1140.7,258,112,130,1.1607142857142858,1.9846153846153847,4.421317829457364,2019-01-01
65,201902,1153.1,264,111,134,1.2072072072072073,1.9701492537313432,4.36780303030303,2019-02-01
65,201903,1076.2,252,108,128,1.1851851851851851,1.96875,4.270634920634921,2019-03-01
65,201904,861.6,194,91,100,1.098901098901099,1.94,4.441237113402062,2019-04-01
65,201905,964.5500000000001,216,98,118,1.2040816326530612,1.8305084745762712,4.465509259259259,2019-05-01
65,201906,990.0,224,104,115,1.1057692307692308,1.9478260869565218,4.419642857142857,2019-06-01
66,201807,320.6,75,38,39,1.0263157894736843,1.9230769230769231,4.274666666666667,2018-07-01
66,201808,459.3,105,48,53,1.1041666666666667,1.9811320754716981,4.3742857142857146,2018-08-01
66,201809,464.2,106,47,53,1.127659574468085,2.0,4.379245283018868,2018-09-01
66,201810,386.6,86,42,43,1.0238095238095237,2.0,4.495348837209303,2018-10-01
66,201811,268.4,64,32,32,1.0,2.0,4.19375,2018-11-01
66,201812,402.4,89,40,45,1.125,1.9777777777777779,4.521348314606741,2018-12-01
66,201901,431.0,99,46,50,1.0869565217391304,1.98,4.353535353535354,2019-01-01
66,201902,302.6,68,31,34,1.096774193548387,2.0,4.45,2019-02-01
66,201903,483.8,112,50,56,1.12,2.0,4.319642857142857,2019-03-01
66,201904,499.1,116,55,59,1.0727272727272728,1.9661016949152543,4.302586206896552,2019-04-01
66,201905,365.6,84,43,45,1.0465116279069768,1.8666666666666667,4.352380952380953,2019-05-01
66,201906,401.4,90,44,45,1.0227272727272727,2.0,4.46,2019-06-01
67,201807,813.0,228,92,114,1.2391304347826086,2.0,3.5657894736842106,2018-07-01
67,201808,858.6,242,99,126,1.2727272727272727,1.9206349206349207,3.5479338842975205,2018-08-01
67,201809,719.6,206,88,100,1.1363636363636365,2.06,3.4932038834951458,2018-09-01
67,201810,877.0,240,103,119,1.1553398058252426,2.0168067226890756,3.654166666666667,2018-10-01
67,201811,760.2,224,89,109,1.2247191011235956,2.055045871559633,3.3937500000000003,2018-11-01
67,201812,733.8,204,85,102,1.2,2.0,3.5970588235294114,2018-12-01
67,201901,839.0,242,102,120,1.1764705882352942,2.0166666666666666,3.4669421487603307,2019-01-01
67,201902,695.8,196,84,97,1.1547619047619047,2.020618556701031,3.55,2019-02-01
67,201903,865.2,250,91,120,1.3186813186813187,2.0833333333333335,3.4608000000000003,2019-03-01
67,201904,843.8000000000001,242,94,121,1.2872340425531914,2.0,3.4867768595041326,2019-04-01
67,201905,805.9,227,100,123,1.23,1.8455284552845528,3.5502202643171805,2019-05-01
67,201906,837.8000000000001,230,97,114,1.175257731958763,2.017543859649123,3.642608695652174,2019-06-01
68,201807,282.5,66,35,36,1.0285714285714285,1.8333333333333333,4.28030303030303,2018-07-01
68,201808,283.3,63,35,38,1.0857142857142856,1.6578947368421053,4.496825396825397,2018-08-01
68,201809,265.9,62,29,32,1.103448275862069,1.9375,4.288709677419354,2018-09-01
68,201810,279.5,64,31,34,1.096774193548387,1.8823529411764706,4.3671875,2018-10-01
68,201811,356.2,86,42,45,1.0714285714285714,1.9111111111111112,4.141860465116279,2018-11-01
68,201812,343.8,80,38,41,1.0789473684210527,1.951219512195122,4.2975,2018-12-01
68,201901,329.8,77,39,41,1.0512820512820513,1.8780487804878048,4.283116883116883,2019-01-01
68,201902,325.7,74,36,39,1.0833333333333333,1.8974358974358974,4.401351351351352,2019-02-01
68,201903,349.40000000000003,76,33,38,1.1515151515151516,2.0,4.597368421052632,2019-03-01
68,201904,263.2,61,31,33,1.064516129032258,1.8484848484848484,4.314754098360655,2019-04-01
68,201905,330.5,70,36,37,1.0277777777777777,1.8918918918918919,4.7214285714285715,2019-05-01
68,201906,191.3,40,21,22,1.0476190476190477,1.8181818181818181,4.782500000000001,2019-06-01
69,201807,895.6,262,106,130,1.2264150943396226,2.0153846153846153,3.418320610687023,2018-07-01
69,201808,935.25,268,112,145,1.2946428571428572,1.8482758620689654,3.4897388059701493,2018-08-01
69,201809,880.4,244,99,122,1.2323232323232323,2.0,3.6081967213114754,2018-09-01
69,201810,759.2,224,88,112,1.2727272727272727,2.0,3.3892857142857147,2018-10-01
69,201811,1040.0,296,116,148,1.2758620689655173,2.0,3.5135135135135136,2018-11-01
69,201812,895.6,250,99,125,1.2626262626262625,2.0,3.5824000000000003,2018-12-01
69,201901,806.6,234,97,117,1.2061855670103092,2.0,3.447008547008547,2019-01-01
69,201902,860.2,244,102,120,1.1764705882352942,2.033333333333333,3.525409836065574,2019-02-01
69,201903,845.4,240,94,119,1.2659574468085106,2.0168067226890756,3.5225,2019-03-01
69,201904,765.4,208,87,103,1.1839080459770115,2.0194174757281553,3.6798076923076923,2019-04-01
69,201905,858.0,251,99,127,1.2828282828282829,1.9763779527559056,3.4183266932270917,2019-05-01
69,201906,995.0,278,111,139,1.2522522522522523,2.0,3.579136690647482,2019-06-01
70,201807,828.4,244,101,122,1.2079207920792079,2.0,3.3950819672131147,2018-07-01
70,201808,825.4,235,91,124,1.3626373626373627,1.8951612903225807,3.5123404255319146,2018-08-01
70,201809,822.4,236,95,116,1.2210526315789474,2.0344827586206895,3.484745762711864,2018-09-01
70,201810,733.6,212,88,104,1.1818181818181819,2.0384615384615383,3.460377358490566,2018-10-01
70,201811,728.0,206,82,102,1.2439024390243902,2.019607843137255,3.533980582524272,2018-11-01
70,201812,649.0,184,76,91,1.1973684210526316,2.021978021978022,3.527173913043478,2018-12-01
70,201901,850.6,252,94,125,1.3297872340425532,2.016,3.3753968253968254,2019-01-01
70,201902,684.0,194,87,97,1.1149425287356323,2.0,3.5257731958762886,2019-02-01
70,201903,746.6,200,81,98,1.2098765432098766,2.0408163265306123,3.733,2019-03-01
70,201904,676.4,182,74,90,1.2162162162162162,2.022222222222222,3.716483516483516,2019-04-01
70,201905,653.2,186,80,95,1.1875,1.9578947368421054,3.5118279569892477,2019-05-01
70,201906,622.6,184,74,91,1.2297297297297298,2.021978021978022,3.383695652173913,2019-06-01
71,201807,1054.2,298,108,147,1.3611111111111112,2.0272108843537415,3.53758389261745,2018-07-01
71,201808,916.1,253,102,133,1.303921568627451,1.9022556390977443,3.6209486166007907,2018-08-01
71,201809,830.2,234,93,116,1.2473118279569892,2.0172413793103448,3.547863247863248,2018-09-01
71,201810,839.6,242,97,120,1.2371134020618557,2.0166666666666666,3.469421487603306,2018-10-01
71,201811,905.4,254,96,125,1.3020833333333333,2.032,3.564566929133858,2018-11-01
71,201812,898.0,260,101,130,1.2871287128712872,2.0,3.453846153846154,2018-12-01
71,201901,843.2,248,98,123,1.2551020408163265,2.016260162601626,3.4000000000000004,2019-01-01
71,201902,944.4,272,104,135,1.2980769230769231,2.0148148148148146,3.472058823529412,2019-02-01
71,201903,1007.6,278,114,138,1.2105263157894737,2.0144927536231885,3.6244604316546765,2019-03-01
71,201904,926.8,264,109,131,1.201834862385321,2.015267175572519,3.5106060606060603,2019-04-01
71,201905,842.0,242,102,126,1.2352941176470589,1.9206349206349207,3.479338842975207,2019-05-01
71,201906,850.6,252,99,125,1.2626262626262625,2.016,3.3753968253968254,2019-06-01
72,201807,1252.2,280,113,138,1.2212389380530972,2.028985507246377,4.472142857142857,2018-07-01
72,201808,1141.7,263,116,139,1.1982758620689655,1.8920863309352518,4.34106463878327,2018-08-01
72,201809,1131.8,263,109,131,1.201834862385321,2.0076335877862594,4.303422053231939,2018-09-01
72,201810,1163.4,266,112,132,1.1785714285714286,2.015151515151515,4.373684210526316,2018-10-01
72,201811,987.6,224,99,111,1.121212121212121,2.018018018018018,4.4089285714285715,2018-11-01
72,201812,1087.4,252,109,125,1.146788990825688,2.016,4.315079365079366,2018-12-01
72,201901,1111.8,260,104,128,1.2307692307692308,2.03125,4.276153846153846,2019-01-01
72,201902,1069.0,250,110,125,1.1363636363636365,2.0,4.276,2019-02-01
72,201903,1192.2,268,119,134,1.1260504201680672,2.0,4.4485074626865675,2019-03-01
72,201904,964.2,224,97,110,1.134020618556701,2.036363636363636,4.304464285714286,2019-04-01
72,201905,1031.1,235,102,124,1.2156862745098038,1.8951612903225807,4.387659574468085,2019-05-01
72,201906,1133.6,256,113,128,1.1327433628318584,2.0,4.428125,2019-06-01
73,201807,330.5,95,49,52,1.0612244897959184,1.8269230769230769,3.4789473684210526,2018-07-01
73,201808,292.2,80,43,44,1.0232558139534884,1.8181818181818181,3.6525,2018-08-01
73,201809,298.4,73,40,41,1.025,1.7804878048780488,4.087671232876712,2018-09-01
73,201810,337.9,99,51,55,1.0784313725490196,1.8,3.413131313131313,2018-10-01
73,201811,244.4,72,38,38,1.0,1.894736842105263,3.3944444444444444,2018-11-01
73,201812,311.7,86,43,46,1.069767441860465,1.8695652173913044,3.624418604651163,2018-12-01
73,201901,301.1,87,46,46,1.0,1.891304347826087,3.4609195402298853,2019-01-01
73,201902,296.5,84,43,44,1.0232558139534884,1.9090909090909092,3.5297619047619047,2019-02-01
73,201903,296.2,83,45,46,1.0222222222222221,1.8043478260869565,3.5686746987951805,2019-03-01
73,201904,317.4,93,48,49,1.0208333333333333,1.8979591836734695,3.4129032258064513,2019-04-01
73,201905,289.1,73,36,39,1.0833333333333333,1.8717948717948718,3.96027397260274,2019-05-01
73,201906,295.3,85,43,46,1.069767441860465,1.8478260869565217,3.4741176470588235,2019-06-01
74,201807,190.2,55,40,42,1.05,1.3095238095238095,3.458181818181818,2018-07-01
74,201808,120.6,33,29,30,1.0344827586206897,1.1,3.6545454545454543,2018-08-01
74,201809,156.4,46,34,36,1.0588235294117647,1.2777777777777777,3.4,2018-09-01
74,201810,194.3,56,41,44,1.0731707317073171,1.2727272727272727,3.4696428571428575,2018-10-01
74,201811,125.4,38,32,32,1.0,1.1875,3.3000000000000003,2018-11-01
74,201812,167.5,46,36,36,1.0,1.2777777777777777,3.641304347826087,2018-12-01
74,201901,179.8,50,38,39,1.0263157894736843,1.2820512820512822,3.596,2019-01-01
74,201902,164.0,44,35,35,1.0,1.2571428571428571,3.727272727272727,2019-02-01
74,201903,164.3,45,34,36,1.0588235294117647,1.25,3.651111111111111,2019-03-01
74,201904,139.8,39,27,27,1.0,1.4444444444444444,3.5846153846153848,2019-04-01
74,201905,206.0,56,36,37,1.0277777777777777,1.5135135135135136,3.6785714285714284,2019-05-01
74,201906,226.5,64,47,51,1.0851063829787233,1.2549019607843137,3.5390625,2019-06-01
75,201807,1021.1,235,95,118,1.2421052631578948,1.9915254237288136,4.345106382978724,2018-07-01
75,201808,1014.3,230,105,125,1.1904761904761905,1.84,4.41,2018-08-01
75,201809,1049.6,239,100,119,1.19,2.008403361344538,4.3916317991631795,2018-09-01
75,201810,1153.6,268,116,135,1.1637931034482758,1.9851851851851852,4.304477611940298,2018-10-01
75,201811,1126.8,249,104,122,1.1730769230769231,2.040983606557377,4.525301204819277,2018-11-01
75,201812,975.6,222,95,110,1.1578947368421053,2.018181818181818,4.394594594594595,2018-12-01
75,201901,1097.2,248,105,124,1.180952380952381,2.0,4.424193548387097,2019-01-01
75,201902,936.0,210,92,105,1.141304347826087,2.0,4.457142857142857,2019-02-01
75,201903,860.8000000000001,204,92,103,1.1195652173913044,1.9805825242718447,4.219607843137255,2019-03-01
75,201904,1129.1,255,105,128,1.2190476190476192,1.9921875,4.427843137254902,2019-04-01
75,201905,976.4,221,97,113,1.1649484536082475,1.9557522123893805,4.4180995475113125,2019-05-01
75,201906,989.2,230,99,114,1.1515151515151516,2.017543859649123,4.300869565217392,2019-06-01
76,201810,6.0,2,1,1,1.0,2.0,3.0,2018-10-01
77,201807,268.4,77,47,51,1.0851063829787233,1.5098039215686274,3.4857142857142853,2018-07-01
77,201808,247.5,71,46,46,1.0,1.5434782608695652,3.4859154929577465,2018-08-01
77,201809,216.8,66,40,42,1.05,1.5714285714285714,3.284848484848485,2018-09-01
77,201810,194.3,50,36,37,1.0277777777777777,1.3513513513513513,3.886,2018-10-01
77,201811,224.9,63,39,42,1.0769230769230769,1.5,3.56984126984127,2018-11-01
77,201812,255.20000000000002,67,43,44,1.0232558139534884,1.5227272727272727,3.8089552238805973,2018-12-01
77,201901,188.4,58,31,35,1.1290322580645162,1.6571428571428573,3.2482758620689656,2019-01-01
77,201902,211.6,67,40,40,1.0,1.675,3.1582089552238806,2019-02-01
77,201903,255.1,76,46,51,1.108695652173913,1.4901960784313726,3.356578947368421,2019-03-01
77,201904,258.1,76,47,47,1.0,1.6170212765957446,3.396052631578948,2019-04-01
77,201905,272.3,78,53,54,1.0188679245283019,1.4444444444444444,3.491025641025641,2019-05-01
77,201906,246.6,65,38,39,1.0263157894736843,1.6666666666666667,3.793846153846154,2019-06-01
78,201807,753.0,214,82,105,1.2804878048780488,2.038095238095238,3.5186915887850465,2018-07-01
78,201808,742.5,206,83,107,1.2891566265060241,1.925233644859813,3.604368932038835,2018-08-01
78,201809,761.4,212,93,106,1.1397849462365592,2.0,3.591509433962264,2018-09-01
78,201810,810.0,238,90,119,1.3222222222222222,2.0,3.403361344537815,2018-10-01
78,201811,706.0,208,85,104,1.223529411764706,2.0,3.394230769230769,2018-11-01
78,201812,662.8000000000001,188,76,94,1.236842105263158,2.0,3.5255319148936173,2018-12-01
78,201901,712.0,198,81,99,1.2222222222222223,2.0,3.595959595959596,2019-01-01
78,201902,649.6,176,75,88,1.1733333333333333,2.0,3.690909090909091,2019-02-01
78,201903,742.4,210,88,104,1.1818181818181819,2.019230769230769,3.5352380952380953,2019-03-01
78,201904,678.4,192,78,96,1.2307692307692308,2.0,3.533333333333333,2019-04-01
78,201905,799.35,227,92,117,1.2717391304347827,1.9401709401709402,3.52136563876652,2019-05-01
78,201906,720.6,206,89,103,1.1573033707865168,2.0,3.4980582524271844,2019-06-01
79,201807,998.5,227,105,117,1.1142857142857143,1.9401709401709402,4.398678414096916,2018-07-01
79,201808,878.15,206,98,114,1.163265306122449,1.8070175438596492,4.262864077669903,2018-08-01
79,201809,1078.9,252,111,129,1.162162162162162,1.9534883720930232,4.281349206349207,2018-09-01
79,201810,915.5,206,97,105,1.0824742268041236,1.9619047619047618,4.444174757281553,2018-10-01
79,201811,1016.8,234,99,123,1.2424242424242424,1.9024390243902438,4.345299145299145,2018-11-01
79,201812,873.2,202,94,102,1.0851063829787233,1.9803921568627452,4.322772277227723,2018-12-01
79,201901,912.9,209,99,110,1.1111111111111112,1.9,4.367942583732058,2019-01-01
79,201902,943.8,213,95,111,1.168421052631579,1.9189189189189189,4.430985915492958,2019-02-01
79,201903,859.7,198,89,102,1.146067415730337,1.9411764705882353,4.341919191919192,2019-03-01
79,201904,935.9,210,96,110,1.1458333333333333,1.9090909090909092,4.456666666666667,2019-04-01
79,201905,851.25,193,93,103,1.10752688172043,1.8737864077669903,4.410621761658031,2019-05-01
79,201906,832.2,183,86,96,1.1162790697674418,1.90625,4.547540983606558,2019-06-01
80,201807,943.2,220,99,115,1.1616161616161615,1.9130434782608696,4.287272727272727,2018-07-01
80,201808,871.2,201,98,111,1.1326530612244898,1.8108108108108107,4.334328358208955,2018-08-01
80,201809,984.6,226,99,118,1.1919191919191918,1.9152542372881356,4.356637168141593,2018-09-01
80,201810,1038.8,235,113,126,1.1150442477876106,1.8650793650793651,4.420425531914893,2018-10-01
80,201811,790.4,176,80,90,1.125,1.9555555555555555,4.490909090909091,2018-11-01
80,201812,832.4,190,92,101,1.0978260869565217,1.881188118811881,4.381052631578947,2018-12-01
80,201901,926.7,214,103,115,1.116504854368932,1.8608695652173912,4.3303738317757015,2019-01-01
80,201902,873.6,195,93,104,1.118279569892473,1.875,4.48,2019-02-01
80,201903,922.2,207,101,111,1.099009900990099,1.864864864864865,4.455072463768116,2019-03-01
80,201904,841.7,191,87,100,1.1494252873563218,1.91,4.406806282722513,2019-04-01
80,201905,853.5,191,91,107,1.1758241758241759,1.7850467289719627,4.468586387434555,2019-05-01
80,201906,975.9,228,109,119,1.091743119266055,1.915966386554622,4.280263157894737,2019-06-01
81,201807,1164.5,269,114,137,1.2017543859649122,1.9635036496350364,4.328996282527881,2018-07-01
81,201808,1017.2,234,105,125,1.1904761904761905,1.872,4.3470085470085476,2018-08-01
81,201809,1276.0,286,121,144,1.1900826446280992,1.9861111111111112,4.461538461538462,2018-09-01
81,201810,943.2,217,98,110,1.1224489795918366,1.9727272727272727,4.346543778801844,2018-10-01
81,201811,1031.9,235,99,117,1.1818181818181819,2.0085470085470085,4.391063829787234,2018-11-01
81,201812,1258.0,292,121,146,1.2066115702479339,2.0,4.308219178082192,2018-12-01
81,201901,1095.2,248,105,124,1.180952380952381,2.0,4.416129032258064,2019-01-01
81,201902,1100.9,243,105,122,1.161904761904762,1.9918032786885247,4.53045267489712,2019-02-01
81,201903,1166.4,264,107,133,1.2429906542056075,1.9849624060150375,4.418181818181819,2019-03-01
81,201904,1070.5,246,103,122,1.1844660194174756,2.0163934426229506,4.3516260162601625,2019-04-01
81,201905,1095.95,246,115,129,1.1217391304347826,1.9069767441860466,4.455081300813008,2019-05-01
81,201906,1259.9,287,117,142,1.2136752136752136,2.0211267605633805,4.3898954703832755,2019-06-01
82,201807,312.5,87,42,45,1.0714285714285714,1.9333333333333333,3.5919540229885056,2018-07-01
82,201808,292.8,78,37,41,1.1081081081081081,1.9024390243902438,3.753846153846154,2018-08-01
82,201809,316.7,87,42,44,1.0476190476190477,1.9772727272727273,3.640229885057471,2018-09-01
82,201810,285.3,82,40,42,1.05,1.9523809523809523,3.479268292682927,2018-10-01
82,201811,321.3,98,48,50,1.0416666666666667,1.96,3.2785714285714285,2018-11-01
82,201812,301.3,83,41,42,1.024390243902439,1.9761904761904763,3.630120481927711,2018-12-01
82,201901,340.5,96,45,49,1.0888888888888888,1.9591836734693877,3.546875,2019-01-01
82,201902,254.8,73,39,39,1.0,1.8717948717948718,3.4904109589041097,2019-02-01
82,201903,387.6,110,50,56,1.12,1.9642857142857142,3.523636363636364,2019-03-01
82,201904,312.7,97,49,49,1.0,1.9795918367346939,3.2237113402061857,2019-04-01
82,201905,389.9,99,47,51,1.0851063829787233,1.9411764705882353,3.9383838383838383,2019-05-01
82,201906,391.4,106,51,54,1.0588235294117647,1.962962962962963,3.692452830188679,2019-06-01
83,201807,738.6,214,89,106,1.1910112359550562,2.018867924528302,3.451401869158879,2018-07-01
83,201808,706.2,199,93,106,1.1397849462365592,1.8773584905660377,3.548743718592965,2018-08-01
83,201809,792.6,218,85,109,1.2823529411764707,2.0,3.6357798165137614,2018-09-01
83,201810,721.8,220,82,109,1.329268292682927,2.018348623853211,3.2809090909090908,2018-10-01
83,201811,748.0,212,87,102,1.1724137931034482,2.0784313725490198,3.5283018867924527,2018-11-01
83,201812,874.8,260,105,130,1.2380952380952381,2.0,3.3646153846153846,2018-12-01
83,201901,833.6,248,95,123,1.2947368421052632,2.016260162601626,3.361290322580645,2019-01-01
83,201902,716.4,196,83,98,1.180722891566265,2.0,3.6551020408163266,2019-02-01
83,201903,762.6,218,90,108,1.2,2.0185185185185186,3.498165137614679,2019-03-01
83,201904,764.0,214,85,105,1.2352941176470589,2.038095238095238,3.5700934579439254,2019-04-01
83,201905,769.5,216,87,109,1.2528735632183907,1.981651376146789,3.5625,2019-05-01
83,201906,833.4,228,86,113,1.313953488372093,2.017699115044248,3.6552631578947365,2019-06-01
84,201807,470.6,110,52,55,1.0576923076923077,2.0,4.278181818181818,2018-07-01
84,201808,423.6,96,50,50,1.0,1.92,4.4125000000000005,2018-08-01
84,201809,395.8,88,44,44,1.0,2.0,4.497727272727273,2018-09-01
84,201810,443.0,100,47,50,1.0638297872340425,2.0,4.43,2018-10-01
84,201811,438.6,98,47,49,1.0425531914893618,2.0,4.475510204081633,2018-11-01
84,201812,486.4,112,51,56,1.0980392156862746,2.0,4.3428571428571425,2018-12-01
84,201901,402.0,94,43,47,1.0930232558139534,2.0,4.276595744680851,2019-01-01
84,201902,314.6,76,35,38,1.0857142857142856,2.0,4.139473684210526,2019-02-01
84,201903,322.2,74,36,37,1.0277777777777777,2.0,4.354054054054054,2019-03-01
84,201904,404.2,94,43,47,1.0930232558139534,2.0,4.3,2019-04-01
84,201905,514.9,114,55,58,1.0545454545454545,1.9655172413793103,4.516666666666667,2019-05-01
84,201906,454.0,100,45,50,1.1111111111111112,2.0,4.54,2019-06-01
85,201807,10.9,3,2,2,1.0,1.5,3.6333333333333333,2018-07-01
86,201807,851.0,239,94,120,1.2765957446808511,1.9916666666666667,3.5606694560669454,2018-07-01
86,201808,726.85,203,92,104,1.1304347826086956,1.9519230769230769,3.5805418719211826,2018-08-01
86,201809,855.0,242,100,120,1.2,2.0166666666666666,3.5330578512396693,2018-09-01
86,201810,898.8,260,105,130,1.2380952380952381,2.0,3.4569230769230765,2018-10-01
86,201811,851.2,238,95,118,1.2421052631578948,2.016949152542373,3.5764705882352943,2018-11-01
86,201812,812.2,230,93,115,1.2365591397849462,2.0,3.531304347826087,2018-12-01
86,201901,800.6,242,89,120,1.348314606741573,2.0166666666666666,3.3082644628099174,2019-01-01
86,201902,872.8,261,105,130,1.2380952380952381,2.0076923076923077,3.3440613026819923,2019-02-01
86,201903,945.4,256,108,127,1.1759259259259258,2.015748031496063,3.69296875,2019-03-01
86,201904,804.0,240,99,119,1.202020202020202,2.0168067226890756,3.35,2019-04-01
86,201905,826.9,236,99,117,1.1818181818181819,2.017094017094017,3.5038135593220336,2019-05-01
86,201906,766.0,220,92,109,1.184782608695652,2.018348623853211,3.481818181818182,2019-06-01
87,201807,274.2,62,34,35,1.0294117647058822,1.7714285714285714,4.422580645161291,2018-07-01
87,201808,285.9,66,36,37,1.0277777777777777,1.7837837837837838,4.331818181818181,2018-08-01
87,201809,294.2,66,39,40,1.0256410256410255,1.65,4.457575757575757,2018-09-01
87,201810,355.4,81,44,47,1.0681818181818181,1.7234042553191489,4.387654320987654,2018-10-01
87,201811,259.6,62,37,39,1.054054054054054,1.5897435897435896,4.187096774193549,2018-11-01
87,201812,414.8,91,51,53,1.0392156862745099,1.7169811320754718,4.558241758241758,2018-12-01
87,201901,333.1,77,41,44,1.0731707317073171,1.75,4.325974025974026,2019-01-01
87,201902,294.2,66,37,40,1.0810810810810811,1.65,4.457575757575757,2019-02-01
87,201903,307.3,69,35,39,1.1142857142857143,1.7692307692307692,4.453623188405797,2019-03-01
87,201904,266.4,58,30,34,1.1333333333333333,1.7058823529411764,4.593103448275862,2019-04-01
87,201905,322.7,75,46,47,1.0217391304347827,1.5957446808510638,4.302666666666666,2019-05-01
87,201906,323.7,78,41,43,1.048780487804878,1.813953488372093,4.1499999999999995,2019-06-01
88,201807,1218.2,288,124,144,1.1612903225806452,2.0,4.229861111111111,2018-07-01
88,201808,1242.2,287,125,150,1.2,1.9133333333333333,4.32822299651568,2018-08-01
88,201809,1361.8,306,121,151,1.2479338842975207,2.0264900662251657,4.450326797385621,2018-09-01
88,201810,1270.8,300,120,147,1.225,2.0408163265306123,4.236,2018-10-01
88,201811,1311.4,300,123,149,1.2113821138211383,2.0134228187919465,4.371333333333333,2018-11-01
88,201812,1213.0,276,120,137,1.1416666666666666,2.0145985401459856,4.394927536231884,2018-12-01
88,201901,1215.4,282,115,140,1.2173913043478262,2.0142857142857142,4.309929078014185,2019-01-01
88,201902,1339.6,302,122,150,1.2295081967213115,2.013333333333333,4.435761589403973,2019-02-01
88,201903,1467.0,338,133,168,1.263157894736842,2.011904761904762,4.340236686390533,2019-03-01
88,201904,1317.0,300,119,150,1.2605042016806722,2.0,4.39,2019-04-01
88,201905,1236.85,285,123,147,1.1951219512195121,1.9387755102040816,4.339824561403509,2019-05-01
88,201906,1252.6,280,113,138,1.2212389380530972,2.028985507246377,4.473571428571428,2019-06-01
89,201807,178.3,49,41,42,1.024390243902439,1.1666666666666667,3.638775510204082,2018-07-01
89,201808,175.2,52,43,44,1.0232558139534884,1.1818181818181819,3.369230769230769,2018-08-01
89,201809,171.9,49,39,40,1.0256410256410255,1.225,3.5081632653061225,2018-09-01
89,201810,251.5,77,53,55,1.0377358490566038,1.4,3.2662337662337664,2018-10-01
89,201811,173.4,55,40,42,1.05,1.3095238095238095,3.152727272727273,2018-11-01
89,201812,116.3,35,28,29,1.0357142857142858,1.206896551724138,3.322857142857143,2018-12-01
89,201901,213.3,62,46,49,1.065217391304348,1.2653061224489797,3.4403225806451614,2019-01-01
89,201902,130.6,38,28,30,1.0714285714285714,1.2666666666666666,3.4368421052631577,2019-02-01
89,201903,248.0,75,54,57,1.0555555555555556,1.3157894736842106,3.3066666666666666,2019-03-01
89,201904,158.0,44,35,38,1.0857142857142856,1.1578947368421053,3.590909090909091,2019-04-01
89,201905,217.0,62,44,46,1.0454545454545454,1.3478260869565217,3.5,2019-05-01
89,201906,174.2,50,39,41,1.0512820512820513,1.2195121951219512,3.484,2019-06-01
90,201807,215.0,62,39,39,1.0,1.5897435897435896,3.467741935483871,2018-07-01
90,201808,219.3,62,36,37,1.0277777777777777,1.6756756756756757,3.5370967741935484,2018-08-01
90,201809,131.4,41,24,24,1.0,1.7083333333333333,3.204878048780488,2018-09-01
90,201810,309.1,85,52,54,1.0384615384615385,1.5740740740740742,3.6364705882352943,2018-10-01
90,201811,226.2,66,35,38,1.0857142857142856,1.736842105263158,3.4272727272727272,2018-11-01
90,201812,229.7,72,39,43,1.1025641025641026,1.6744186046511629,3.1902777777777778,2018-12-01
90,201901,285.8,79,45,47,1.0444444444444445,1.6808510638297873,3.617721518987342,2019-01-01
90,201902,240.0,69,40,42,1.05,1.6428571428571428,3.4782608695652173,2019-02-01
90,201903,294.6,82,49,52,1.0612244897959184,1.5769230769230769,3.5926829268292684,2019-03-01
90,201904,232.6,63,37,40,1.0810810810810811,1.575,3.692063492063492,2019-04-01
90,201905,263.3,80,41,44,1.0731707317073171,1.8181818181818181,3.2912500000000002,2019-05-01
90,201906,255.0,68,39,43,1.1025641025641026,1.5813953488372092,3.75,2019-06-01
91,201807,807.3,185,83,96,1.1566265060240963,1.9270833333333333,4.363783783783783,2018-07-01
91,201808,819.2,187,86,97,1.127906976744186,1.9278350515463918,4.380748663101604,2018-08-01
91,201809,938.9,212,94,107,1.1382978723404256,1.9813084112149533,4.42877358490566,2018-09-01
91,201810,795.7,182,81,94,1.1604938271604939,1.9361702127659575,4.371978021978022,2018-10-01
91,201811,865.3,200,93,104,1.118279569892473,1.9230769230769231,4.326499999999999,2018-11-01
91,201812,805.6,177,84,91,1.0833333333333333,1.945054945054945,4.551412429378531,2018-12-01
91,201901,774.7,179,84,93,1.1071428571428572,1.924731182795699,4.327932960893855,2019-01-01
91,201902,822.9,179,77,90,1.1688311688311688,1.988888888888889,4.597206703910614,2019-02-01
91,201903,827.1,190,87,98,1.1264367816091954,1.9387755102040816,4.353157894736842,2019-03-01
91,201904,846.5,193,85,101,1.188235294117647,1.9108910891089108,4.3860103626943,2019-04-01
91,201905,1006.7,228,106,122,1.150943396226415,1.8688524590163935,4.415350877192982,2019-05-01
91,201906,952.1,216,98,113,1.153061224489796,1.9115044247787611,4.407870370370371,2019-06-01
92,201903,9.2,2,1,1,1.0,2.0,4.6,2019-03-01
93,201807,971.4,268,104,132,1.2692307692307692,2.0303030303030303,3.6246268656716416,2018-07-01
93,201808,922.6,260,103,137,1.3300970873786409,1.897810218978102,3.5484615384615386,2018-08-01
93,201809,1075.6,314,122,156,1.278688524590164,2.0128205128205128,3.4254777070063693,2018-09-01
93,201810,998.2,284,109,141,1.2935779816513762,2.0141843971631204,3.5147887323943663,2018-10-01
93,201811,884.4,260,96,129,1.34375,2.0155038759689923,3.4015384615384616,2018-11-01
93,201812,1146.4,316,122,157,1.2868852459016393,2.0127388535031847,3.627848101265823,2018-12-01
93,201901,900.6,256,97,126,1.2989690721649485,2.0317460317460316,3.51796875,2019-01-01
93,201902,916.4,252,101,125,1.2376237623762376,2.016,3.6365079365079365,2019-02-01
93,201903,974.6,274,108,137,1.2685185185185186,2.0,3.5569343065693433,2019-03-01
93,201904,1015.0,286,121,143,1.1818181818181819,2.0,3.5489510489510487,2019-04-01
93,201905,1030.6,298,114,152,1.3333333333333333,1.9605263157894737,3.458389261744966,2019-05-01
93,201906,1072.0,304,114,152,1.3333333333333333,2.0,3.526315789473684,2019-06-01
94,201807,863.2,242,99,121,1.2222222222222223,2.0,3.5669421487603308,2018-07-01
94,201808,1082.15,295,115,148,1.2869565217391303,1.9932432432432432,3.668305084745763,2018-08-01
94,201809,935.0,268,105,133,1.2666666666666666,2.0150375939849625,3.4888059701492535,2018-09-01
94,201810,965.2,258,100,129,1.29,2.0,3.7410852713178295,2018-10-01
94,201811,906.3,263,99,130,1.3131313131313131,2.023076923076923,3.4460076045627375,2018-11-01
94,201812,836.2,232,96,116,1.2083333333333333,2.0,3.6043103448275864,2018-12-01
94,201901,897.2,256,101,127,1.2574257425742574,2.015748031496063,3.5046875,2019-01-01
94,201902,803.4,230,93,113,1.2150537634408602,2.0353982300884956,3.4930434782608693,2019-02-01
94,201903,901.4,260,110,129,1.1727272727272726,2.0155038759689923,3.4669230769230768,2019-03-01
94,201904,855.2,246,92,123,1.3369565217391304,2.0,3.4764227642276424,2019-04-01
94,201905,874.5,267,102,134,1.3137254901960784,1.992537313432836,3.2752808988764044,2019-05-01
94,201906,695.8,200,89,100,1.1235955056179776,2.0,3.4789999999999996,2019-06-01
95,201807,1022.8,233,97,116,1.1958762886597938,2.0086206896551726,4.38969957081545,2018-07-01
95,201808,1144.85,264,117,136,1.1623931623931625,1.9411764705882353,4.33655303030303,2018-08-01
95,201809,1058.0,238,102,117,1.1470588235294117,2.034188034188034,4.445378151260504,2018-09-01
95,201810,1114.2,251,111,126,1.135135135135135,1.992063492063492,4.439043824701195,2018-10-01
95,201811,1073.2,247,107,123,1.1495327102803738,2.008130081300813,4.344939271255061,2018-11-01
95,201812,1048.2,240,105,120,1.1428571428571428,2.0,4.367500000000001,2018-12-01
95,201901,1015.1,234,102,117,1.1470588235294117,2.0,4.338034188034188,2019-01-01
95,201902,1032.2,240,106,121,1.1415094339622642,1.9834710743801653,4.300833333333333,2019-02-01
95,201903,1213.5,290,115,144,1.2521739130434784,2.013888888888889,4.18448275862069,2019-03-01
95,201904,1092.6,256,111,128,1.1531531531531531,2.0,4.26796875,2019-04-01
95,201905,1106.85,253,111,132,1.1891891891891893,1.9166666666666667,4.37490118577075,2019-05-01
95,201906,1101.5,253,110,127,1.1545454545454545,1.9921259842519685,4.353754940711463,2019-06-01
96,201807,357.4,82,41,41,1.0,2.0,4.3585365853658535,2018-07-01
96,201808,343.0,77,35,38,1.0857142857142856,2.026315789473684,4.454545454545454,2018-08-01
96,201809,355.2,78,37,39,1.054054054054054,2.0,4.553846153846154,2018-09-01
96,201810,266.2,60,30,30,1.0,2.0,4.4366666666666665,2018-10-01
96,201811,345.2,78,38,39,1.0263157894736843,2.0,4.425641025641026,2018-11-01
96,201812,455.2,102,49,51,1.0408163265306123,2.0,4.462745098039216,2018-12-01
96,201901,374.0,86,39,43,1.1025641025641026,2.0,4.348837209302325,2019-01-01
96,201902,331.0,78,36,39,1.0833333333333333,2.0,4.243589743589744,2019-02-01
96,201903,367.6,82,39,41,1.0512820512820513,2.0,4.482926829268293,2019-03-01
96,201904,388.0,89,40,45,1.125,1.9777777777777779,4.359550561797753,2019-04-01
96,201905,268.7,61,29,31,1.0689655172413792,1.967741935483871,4.404918032786885,2019-05-01
96,201906,239.4,56,28,28,1.0,2.0,4.275,2019-06-01
97,201807,805.8,216,81,108,1.3333333333333333,2.0,3.730555555555555,2018-07-01
97,201808,865.55,258,112,137,1.2232142857142858,1.8832116788321167,3.35484496124031,2018-08-01
97,201809,842.4,242,91,121,1.3296703296703296,2.0,3.4809917355371898,2018-09-01
97,201810,926.6,264,100,132,1.32,2.0,3.5098484848484848,2018-10-01
97,201811,761.6,228,94,114,1.2127659574468086,2.0,3.3403508771929826,2018-11-01
97,201812,794.4,218,96,109,1.1354166666666667,2.0,3.6440366972477065,2018-12-01
97,201901,797.0,230,94,113,1.202127659574468,2.0353982300884956,3.465217391304348,2019-01-01
97,201902,633.6,186,74,93,1.2567567567567568,2.0,3.406451612903226,2019-02-01
97,201903,761.8,216,89,108,1.2134831460674158,2.0,3.5268518518518515,2019-03-01
97,201904,781.2,228,87,114,1.3103448275862069,2.0,3.4263157894736844,2019-04-01
97,201905,823.2,236,98,120,1.2244897959183674,1.9666666666666666,3.4881355932203393,2019-05-01
97,201906,800.0,242,96,117,1.21875,2.0683760683760686,3.3057851239669422,2019-06-01
98,201807,110.6,33,29,30,1.0344827586206897,1.1,3.3515151515151516,2018-07-01
98,201808,86.4,25,23,23,1.0,1.0869565217391304,3.4560000000000004,2018-08-01
98,201809,106.8,32,29,30,1.0344827586206897,1.0666666666666667,3.3375,2018-09-01
98,201810,121.2,35,32,34,1.0625,1.0294117647058822,3.462857142857143,2018-10-01
98,201811,98.7,28,28,28,1.0,1.0,3.525,2018-11-01
98,201812,159.9,43,41,42,1.024390243902439,1.0238095238095237,3.718604651162791,2018-12-01
98,201901,108.5,30,29,29,1.0,1.0344827586206897,3.6166666666666667,2019-01-01
98,201902,100.6,28,25,26,1.04,1.0769230769230769,3.5928571428571425,2019-02-01
98,201903,107.0,31,31,31,1.0,1.0,3.4516129032258065,2019-03-01
98,201904,173.0,48,42,44,1.0476190476190477,1.0909090909090908,3.6041666666666665,2019-04-01
98,201905,156.2,44,40,40,1.0,1.1,3.55,2019-05-01
98,201906,154.0,42,36,37,1.0277777777777777,1.135135135135135,3.6666666666666665,2019-06-01
99,201807,18.5,5,5,5,1.0,1.0,3.7,2018-07-01
99,201808,14.8,4,3,3,1.0,1.3333333333333333,3.7,2018-08-01
99,201809,20.8,8,6,6,1.0,1.3333333333333333,2.6,2018-09-01
99,201810,12.1,4,4,4,1.0,1.0,3.025,2018-10-01
99,201811,17.2,5,4,4,1.0,1.25,3.44,2018-11-01
99,201812,4.2,1,1,1,1.0,1.0,4.2,2018-12-01
99,201901,15.700000000000001,4,4,4,1.0,1.0,3.9250000000000003,2019-01-01
99,201902,20.7,7,7,7,1.0,1.0,2.957142857142857,2019-02-01
99,201903,28.8,8,7,8,1.1428571428571428,1.0,3.6,2019-03-01
99,201904,13.8,5,5,5,1.0,1.0,2.7600000000000002,2019-04-01
99,201905,24.3,7,6,6,1.0,1.1666666666666667,3.4714285714285715,2019-05-01
99,201906,22.8,7,7,7,1.0,1.0,3.257142857142857,2019-06-01
100,201807,948.6,288,107,142,1.3271028037383177,2.028169014084507,3.29375,2018-07-01
100,201808,854.6,248,99,124,1.2525252525252526,2.0,3.445967741935484,2018-08-01
100,201809,896.2,260,100,130,1.3,2.0,3.446923076923077,2018-09-01
100,201810,1012.4,286,104,142,1.3653846153846154,2.0140845070422535,3.53986013986014,2018-10-01
100,201811,776.4,218,85,107,1.2588235294117647,2.0373831775700935,3.561467889908257,2018-11-01
100,201812,952.4,264,104,130,1.25,2.0307692307692307,3.6075757575757574,2018-12-01
100,201901,983.0,280,106,139,1.3113207547169812,2.014388489208633,3.5107142857142857,2019-01-01
100,201902,858.0,240,92,118,1.2826086956521738,2.0338983050847457,3.575,2019-02-01
100,201903,983.8,280,104,139,1.3365384615384615,2.014388489208633,3.5135714285714283,2019-03-01
100,201904,942.6,264,107,131,1.2242990654205608,2.015267175572519,3.5704545454545453,2019-04-01
100,201905,907.9,263,99,132,1.3333333333333333,1.9924242424242424,3.4520912547528515,2019-05-01
100,201906,927.4,270,107,134,1.2523364485981308,2.014925373134328,3.4348148148148145,2019-06-01
101,201807,832.0,236,92,117,1.2717391304347827,2.017094017094017,3.5254237288135593,2018-07-01
101,201808,806.5,219,100,117,1.17,1.8717948717948718,3.682648401826484,2018-08-01
101,201809,823.2,234,91,116,1.2747252747252746,2.0172413793103448,3.5179487179487183,2018-09-01
101,201810,834.0,238,98,119,1.2142857142857142,2.0,3.504201680672269,2018-10-01
101,201811,807.2,226,92,112,1.2173913043478262,2.017857142857143,3.571681415929204,2018-11-01
101,201812,692.6,208,82,102,1.2439024390243902,2.0392156862745097,3.3298076923076922,2018-12-01
101,201901,782.0,232,91,116,1.2747252747252746,2.0,3.3706896551724137,2019-01-01
101,201902,775.4,220,89,109,1.2247191011235956,2.018348623853211,3.5245454545454544,2019-02-01
101,201903,635.4,182,75,91,1.2133333333333334,2.0,3.4912087912087912,2019-03-01
101,201904,751.4,212,87,105,1.206896551724138,2.019047619047619,3.5443396226415094,2019-04-01
101,201905,823.9,242,96,120,1.25,2.0166666666666666,3.4045454545454543,2019-05-01
101,201906,860.2,238,93,119,1.2795698924731183,2.0,3.6142857142857143,2019-06-01
102,201807,746.4,214,88,107,1.2159090909090908,2.0,3.4878504672897197,2018-07-01
102,201808,923.2,251,95,128,1.3473684210526315,1.9609375,3.6780876494023906,2018-08-01
102,201809,898.4,256,100,128,1.28,2.0,3.509375,2018-09-01
102,201810,795.8,234,93,117,1.2580645161290323,2.0,3.4008547008547008,2018-10-01
102,201811,847.2,232,91,115,1.2637362637362637,2.017391304347826,3.651724137931035,2018-11-01
102,201812,763.8,216,92,106,1.1521739130434783,2.0377358490566038,3.536111111111111,2018-12-01
102,201901,865.8,244,102,120,1.1764705882352942,2.033333333333333,3.5483606557377048,2019-01-01
102,201902,720.6,210,92,105,1.141304347826087,2.0,3.4314285714285715,2019-02-01
102,201903,771.8,228,94,114,1.2127659574468086,2.0,3.3850877192982454,2019-03-01
102,201904,704.4,194,82,97,1.1829268292682926,2.0,3.6309278350515464,2019-04-01
102,201905,862.6,233,100,124,1.24,1.8790322580645162,3.702145922746781,2019-05-01
102,201906,889.0,250,98,124,1.2653061224489797,2.0161290322580645,3.556,2019-06-01
103,201807,183.0,56,35,36,1.0285714285714285,1.5555555555555556,3.267857142857143,2018-07-01
103,201808,247.3,72,40,42,1.05,1.7142857142857142,3.4347222222222222,2018-08-01
103,201809,252.4,78,45,46,1.0222222222222221,1.6956521739130435,3.235897435897436,2018-09-01
103,201810,242.2,71,38,38,1.0,1.868421052631579,3.4112676056338027,2018-10-01
103,201811,383.2,104,57,63,1.105263157894737,1.6507936507936507,3.6846153846153844,2018-11-01
103,201812,269.0,79,47,49,1.0425531914893618,1.6122448979591837,3.4050632911392404,2018-12-01
103,201901,274.9,76,44,47,1.0681818181818181,1.6170212765957446,3.6171052631578946,2019-01-01
103,201902,276.2,80,49,50,1.0204081632653061,1.6,3.4524999999999997,2019-02-01
103,201903,311.7,93,52,56,1.0769230769230769,1.6607142857142858,3.3516129032258064,2019-03-01
103,201904,270.1,74,41,43,1.048780487804878,1.7209302325581395,3.6500000000000004,2019-04-01
103,201905,307.5,90,49,54,1.1020408163265305,1.6666666666666667,3.4166666666666665,2019-05-01
103,201906,228.1,70,39,46,1.1794871794871795,1.5217391304347827,3.2585714285714285,2019-06-01
104,201807,777.8,224,92,112,1.2173913043478262,2.0,3.4723214285714286,2018-07-01
104,201808,850.9,233,101,122,1.2079207920792079,1.9098360655737705,3.651931330472103,2018-08-01
104,201809,749.4,210,88,104,1.1818181818181819,2.019230769230769,3.5685714285714285,2018-09-01
104,201810,867.0,252,94,126,1.3404255319148937,2.0,3.4404761904761907,2018-10-01
104,201811,715.0,206,76,103,1.355263157894737,2.0,3.470873786407767,2018-11-01
104,201812,851.8,246,95,122,1.2842105263157895,2.0163934426229506,3.46260162601626,2018-12-01
104,201901,839.8,234,90,117,1.3,2.0,3.5888888888888886,2019-01-01
104,201902,768.6,216,90,108,1.2,2.0,3.5583333333333336,2019-02-01
104,201903,879.0,250,97,124,1.2783505154639174,2.0161290322580645,3.516,2019-03-01
104,201904,749.6,216,85,108,1.2705882352941176,2.0,3.4703703703703703,2019-04-01
104,201905,888.8000000000001,253,103,130,1.2621359223300972,1.9461538461538461,3.5130434782608697,2019-05-01
104,201906,678.6,194,80,97,1.2125,2.0,3.497938144329897,2019-06-01
105,201807,859.5,249,94,124,1.3191489361702127,2.0080645161290325,3.4518072289156625,2018-07-01
105,201808,860.8,256,106,135,1.2735849056603774,1.8962962962962964,3.3625,2018-08-01
105,201809,792.0,238,98,117,1.1938775510204083,2.034188034188034,3.327731092436975,2018-09-01
105,201810,806.6,228,93,111,1.1935483870967742,2.054054054054054,3.537719298245614,2018-10-01
105,201811,711.2,206,89,103,1.1573033707865168,2.0,3.4524271844660195,2018-11-01
105,201812,962.6,274,101,135,1.3366336633663367,2.0296296296296297,3.513138686131387,2018-12-01
105,201901,736.4,210,80,103,1.2875,2.0388349514563107,3.5066666666666664,2019-01-01
105,201902,694.4,204,78,101,1.294871794871795,2.01980198019802,3.403921568627451,2019-02-01
105,201903,861.6,242,92,121,1.315217391304348,2.0,3.5603305785123966,2019-03-01
105,201904,900.4,252,96,126,1.3125,2.0,3.5730158730158728,2019-04-01
105,201905,774.0,220,87,116,1.3333333333333333,1.896551724137931,3.518181818181818,2019-05-01
105,201906,800.2,228,88,112,1.2727272727272727,2.0357142857142856,3.509649122807018,2019-06-01
106,201807,979.8,268,106,130,1.2264150943396226,2.0615384615384613,3.655970149253731,2018-07-01
106,201808,746.55,218,95,116,1.2210526315789474,1.8793103448275863,3.4245412844036696,2018-08-01
106,201809,1027.4,296,113,148,1.3097345132743363,2.0,3.4709459459459464,2018-09-01
106,201810,871.8,246,98,123,1.2551020408163265,2.0,3.54390243902439,2018-10-01
106,201811,903.2,260,106,128,1.2075471698113207,2.03125,3.473846153846154,2018-11-01
106,201812,788.6,224,92,111,1.2065217391304348,2.018018018018018,3.5205357142857143,2018-12-01
106,201901,821.6,242,96,118,1.2291666666666667,2.0508474576271185,3.3950413223140496,2019-01-01
106,201902,753.8,210,87,105,1.206896551724138,2.0,3.589523809523809,2019-02-01
106,201903,877.6,252,100,125,1.25,2.016,3.4825396825396826,2019-03-01
106,201904,726.2,200,86,99,1.1511627906976745,2.0202020202020203,3.6310000000000002,2019-04-01
106,201905,795.35,238,103,124,1.203883495145631,1.9193548387096775,3.3418067226890757,2019-05-01
106,201906,652.2,188,76,94,1.236842105263158,2.0,3.469148936170213,2019-06-01
107,201807,759.8,210,84,103,1.2261904761904763,2.0388349514563107,3.618095238095238,2018-07-01
107,201808,783.3,226,95,115,1.2105263157894737,1.9652173913043478,3.465929203539823,2018-08-01
107,201809,694.0,188,81,93,1.1481481481481481,2.021505376344086,3.6914893617021276,2018-09-01
107,201810,764.4,214,87,105,1.206896551724138,2.038095238095238,3.5719626168224297,2018-10-01
107,201811,696.0,202,85,101,1.188235294117647,2.0,3.4455445544554455,2018-11-01
107,201812,692.8,198,81,99,1.2222222222222223,2.0,3.498989898989899,2018-12-01
107,201901,798.4,226,92,112,1.2173913043478262,2.017857142857143,3.5327433628318583,2019-01-01
107,201902,552.4,160,68,80,1.1764705882352942,2.0,3.4524999999999997,2019-02-01
107,201903,752.2,226,90,113,1.2555555555555555,2.0,3.3283185840707965,2019-03-01
107,201904,798.8,230,85,114,1.3411764705882352,2.017543859649123,3.4730434782608692,2019-04-01
107,201905,690.2,191,85,105,1.2352941176470589,1.819047619047619,3.6136125654450266,2019-05-01
107,201906,614.0,174,75,86,1.1466666666666667,2.0232558139534884,3.528735632183908,2019-06-01
108,201807,242.70000000000002,57,30,30,1.0,1.9,4.257894736842106,2018-07-01
108,201808,391.2,86,43,44,1.0232558139534884,1.9545454545454546,4.5488372093023255,2018-08-01
108,201809,308.5,68,37,38,1.027027027027027,1.7894736842105263,4.536764705882353,2018-09-01
108,201810,221.4,52,27,29,1.0740740740740742,1.793103448275862,4.257692307692308,2018-10-01
108,201811,252.5,59,31,31,1.0,1.903225806451613,4.279661016949152,2018-11-01
108,201812,240.6,53,27,29,1.0740740740740742,1.8275862068965518,4.539622641509434,2018-12-01
108,201901,320.6,73,39,40,1.0256410256410255,1.825,4.391780821917808,2019-01-01
108,201902,290.8,68,38,38,1.0,1.7894736842105263,4.276470588235294,2019-02-01
108,201903,317.6,73,36,38,1.0555555555555556,1.9210526315789473,4.35068493150685,2019-03-01
108,201904,277.1,65,36,36,1.0,1.8055555555555556,4.263076923076923,2019-04-01
108,201905,369.8,90,47,51,1.0851063829787233,1.7647058823529411,4.108888888888889,2019-05-01
108,201906,281.0,62,32,33,1.03125,1.878787878787879,4.532258064516129,2019-06-01
109,201807,820.4,250,102,125,1.2254901960784315,2.0,3.2816,2018-07-01
109,201808,801.3,215,86,113,1.313953488372093,1.9026548672566372,3.726976744186046,2018-08-01
109,201809,769.4,218,91,108,1.1868131868131868,2.0185185185185186,3.5293577981651376,2018-09-01
109,201810,868.8000000000001,250,99,125,1.2626262626262625,2.0,3.4752,2018-10-01
109,201811,884.6,250,99,124,1.2525252525252526,2.0161290322580645,3.5384,2018-11-01
109,201812,835.2,246,92,120,1.3043478260869565,2.05,3.3951219512195125,2018-12-01
109,201901,804.2,218,88,109,1.2386363636363635,2.0,3.6889908256880735,2019-01-01
109,201902,839.8,240,90,119,1.3222222222222222,2.0168067226890756,3.4991666666666665,2019-02-01
109,201903,990.8,272,107,136,1.2710280373831775,2.0,3.6426470588235293,2019-03-01
109,201904,692.6,198,77,99,1.2857142857142858,2.0,3.497979797979798,2019-04-01
109,201905,684.0,194,86,107,1.244186046511628,1.8130841121495327,3.5257731958762886,2019-05-01
109,201906,767.0,220,85,107,1.2588235294117647,2.05607476635514,3.4863636363636363,2019-06-01
110,201807,642.7,177,81,90,1.1111111111111112,1.9666666666666666,3.631073446327684,2018-07-01
110,201808,702.8,190,81,101,1.2469135802469136,1.881188118811881,3.6989473684210523,2018-08-01
110,201809,627.2,174,72,86,1.1944444444444444,2.0232558139534884,3.6045977011494257,2018-09-01
110,201810,760.6,216,89,108,1.2134831460674158,2.0,3.5212962962962964,2018-10-01
110,201811,736.6,214,92,106,1.1521739130434783,2.018867924528302,3.4420560747663553,2018-11-01
110,201812,942.6,278,112,138,1.2321428571428572,2.0144927536231885,3.3906474820143884,2018-12-01
110,201901,849.0,242,96,120,1.25,2.0166666666666666,3.5082644628099175,2019-01-01
110,201902,631.4,182,74,91,1.2297297297297298,2.0,3.469230769230769,2019-02-01
110,201903,851.0,250,104,124,1.1923076923076923,2.0161290322580645,3.404,2019-03-01
110,201904,792.6,218,95,108,1.1368421052631579,2.0185185185185186,3.6357798165137614,2019-04-01
110,201905,787.1,217,91,109,1.1978021978021978,1.9908256880733946,3.627188940092166,2019-05-01
110,201906,709.0,200,84,98,1.1666666666666667,2.0408163265306123,3.545,2019-06-01
111,201807,178.7,52,42,43,1.0238095238095237,1.2093023255813953,3.4365384615384613,2018-07-01
111,201808,254.7,69,42,44,1.0476190476190477,1.5681818181818181,3.6913043478260867,2018-08-01
111,201809,153.6,46,35,36,1.0285714285714285,1.2777777777777777,3.3391304347826085,2018-09-01
111,201810,205.4,57,41,43,1.048780487804878,1.3255813953488371,3.6035087719298247,2018-10-01
111,201811,163.5,45,34,37,1.088235294117647,1.2162162162162162,3.6333333333333333,2018-11-01
111,201812,196.1,58,42,43,1.0238095238095237,1.3488372093023255,3.3810344827586207,2018-12-01
111,201901,162.3,51,38,40,1.0526315789473684,1.275,3.182352941176471,2019-01-01
111,201902,154.5,45,31,34,1.096774193548387,1.3235294117647058,3.433333333333333,2019-02-01
111,201903,216.0,62,46,49,1.065217391304348,1.2653061224489797,3.4838709677419355,2019-03-01
111,201904,184.7,49,37,38,1.027027027027027,1.2894736842105263,3.7693877551020405,2019-04-01
111,201905,173.0,52,40,42,1.05,1.2380952380952381,3.326923076923077,2019-05-01
111,201906,186.6,53,39,42,1.0769230769230769,1.2619047619047619,3.520754716981132,2019-06-01
112,201807,945.8,274,102,135,1.3235294117647058,2.0296296296296297,3.451824817518248,2018-07-01
112,201808,866.0,258,100,132,1.32,1.9545454545454546,3.356589147286822,2018-08-01
112,201809,829.8000000000001,240,100,120,1.2,2.0,3.4575000000000005,2018-09-01
112,201810,840.0,244,104,122,1.1730769230769231,2.0,3.442622950819672,2018-10-01
112,201811,840.0,232,86,114,1.3255813953488371,2.0350877192982457,3.6206896551724137,2018-11-01
112,201812,801.0,238,92,117,1.2717391304347827,2.034188034188034,3.365546218487395,2018-12-01
112,201901,905.2,266,99,131,1.3232323232323233,2.030534351145038,3.4030075187969926,2019-01-01
112,201902,958.8,272,107,134,1.2523364485981308,2.029850746268657,3.525,2019-02-01
112,201903,966.6,260,101,128,1.2673267326732673,2.03125,3.7176923076923076,2019-03-01
112,201904,883.4,248,101,121,1.198019801980198,2.049586776859504,3.5620967741935483,2019-04-01
112,201905,773.4,217,97,115,1.1855670103092784,1.8869565217391304,3.5640552995391706,2019-05-01
112,201906,975.8,276,111,136,1.2252252252252251,2.0294117647058822,3.5355072463768114,2019-06-01
113,201807,875.6,248,99,124,1.2525252525252526,2.0,3.5306451612903227,2018-07-01
113,201808,929.1,258,101,131,1.297029702970297,1.9694656488549618,3.6011627906976744,2018-08-01
113,201809,890.8000000000001,246,95,121,1.2736842105263158,2.0330578512396693,3.6211382113821142,2018-09-01
113,201810,834.0,226,85,113,1.3294117647058823,2.0,3.690265486725664,2018-10-01
113,201811,835.8000000000001,240,94,120,1.2765957446808511,2.0,3.4825000000000004,2018-11-01
113,201812,915.4,252,100,123,1.23,2.048780487804878,3.6325396825396825,2018-12-01
113,201901,724.0,214,87,105,1.206896551724138,2.038095238095238,3.383177570093458,2019-01-01
113,201902,710.4,194,79,97,1.2278481012658229,2.0,3.6618556701030927,2019-02-01
113,201903,912.2,256,94,128,1.3617021276595744,2.0,3.56328125,2019-03-01
113,201904,704.0,202,85,101,1.188235294117647,2.0,3.485148514851485,2019-04-01
113,201905,724.0,211,89,111,1.247191011235955,1.9009009009009008,3.4312796208530805,2019-05-01
113,201906,793.4,220,88,108,1.2272727272727273,2.037037037037037,3.6063636363636364,2019-06-01
114,201807,913.4,258,102,129,1.2647058823529411,2.0,3.5403100775193797,2018-07-01
114,201808,822.25,229,100,123,1.23,1.8617886178861789,3.5906113537117905,2018-08-01
114,201809,846.8,248,101,122,1.2079207920792079,2.0327868852459017,3.414516129032258,2018-09-01
114,201810,1023.0,274,110,137,1.2454545454545454,2.0,3.7335766423357666,2018-10-01
114,201811,866.2,246,100,123,1.23,2.0,3.521138211382114,2018-11-01
114,201812,845.8,234,93,116,1.2473118279569892,2.0172413793103448,3.614529914529914,2018-12-01
114,201901,827.0,224,91,112,1.2307692307692308,2.0,3.6919642857142856,2019-01-01
114,201902,767.4,214,87,107,1.2298850574712643,2.0,3.5859813084112147,2019-02-01
114,201903,916.6,266,107,133,1.2429906542056075,2.0,3.4458646616541353,2019-03-01
114,201904,791.6,236,94,116,1.2340425531914894,2.0344827586206895,3.3542372881355935,2019-04-01
114,201905,696.45,210,85,109,1.2823529411764707,1.926605504587156,3.3164285714285717,2019-05-01
114,201906,948.0,266,100,131,1.31,2.030534351145038,3.56390977443609,2019-06-01
115,201807,338.1,99,46,51,1.108695652173913,1.9411764705882353,3.4151515151515155,2018-07-01
115,201808,288.4,78,42,45,1.0714285714285714,1.7333333333333334,3.697435897435897,2018-08-01
115,201809,288.8,79,40,40,1.0,1.975,3.6556962025316455,2018-09-01
115,201810,249.4,71,35,36,1.0285714285714285,1.9722222222222223,3.5126760563380284,2018-10-01
115,201811,306.5,91,46,46,1.0,1.9782608695652173,3.368131868131868,2018-11-01
115,201812,389.40000000000003,103,50,53,1.06,1.9433962264150944,3.780582524271845,2018-12-01
115,201901,317.0,88,42,45,1.0714285714285714,1.9555555555555555,3.602272727272727,2019-01-01
115,201902,274.6,76,38,39,1.0263157894736843,1.9487179487179487,3.6131578947368426,2019-02-01
115,201903,276.8,76,35,38,1.0857142857142856,2.0,3.642105263157895,2019-03-01
115,201904,358.0,97,47,49,1.0425531914893618,1.9795918367346939,3.6907216494845363,2019-04-01
115,201905,373.15,110,54,58,1.0740740740740742,1.896551724137931,3.392272727272727,2019-05-01
115,201906,294.6,88,43,44,1.0232558139534884,2.0,3.347727272727273,2019-06-01
116,201807,814.2,232,89,116,1.303370786516854,2.0,3.50948275862069,2018-07-01
116,201808,778.7,230,97,123,1.268041237113402,1.8699186991869918,3.385652173913044,2018-08-01
116,201809,847.4,228,91,113,1.2417582417582418,2.017699115044248,3.716666666666667,2018-09-01
116,201810,819.8,244,100,120,1.2,2.033333333333333,3.3598360655737705,2018-10-01
116,201811,779.8000000000001,218,83,108,1.3012048192771084,2.0185185185185186,3.5770642201834866,2018-11-01
116,201812,861.0,254,103,126,1.2233009708737863,2.015873015873016,3.3897637795275593,2018-12-01
116,201901,816.6,240,100,118,1.18,2.0338983050847457,3.4025000000000003,2019-01-01
116,201902,690.6,192,83,94,1.1325301204819278,2.0425531914893615,3.5968750000000003,2019-02-01
116,201903,803.2,234,90,116,1.288888888888889,2.0172413793103448,3.4324786324786327,2019-03-01
116,201904,883.0,242,85,120,1.411764705882353,2.0166666666666666,3.6487603305785123,2019-04-01
116,201905,837.0,239,104,123,1.1826923076923077,1.943089430894309,3.502092050209205,2019-05-01
116,201906,793.4,226,90,113,1.2555555555555555,2.0,3.5106194690265484,2019-06-01
117,201808,14.4,5,4,4,1.0,1.25,2.88,2018-08-01
117,201809,9.0,3,3,3,1.0,1.0,3.0,2018-09-01
117,201810,18.8,6,6,6,1.0,1.0,3.1333333333333333,2018-10-01
117,201811,21.7,6,6,6,1.0,1.0,3.6166666666666667,2018-11-01
117,201812,27.9,8,8,8,1.0,1.0,3.4875,2018-12-01
117,201902,5.9,2,2,2,1.0,1.0,2.95,2019-02-01
117,201903,10.7,2,2,2,1.0,1.0,5.35,2019-03-01
117,201904,17.1,4,4,4,1.0,1.0,4.275,2019-04-01
117,201905,13.3,4,4,4,1.0,1.0,3.325,2019-05-01
117,201906,6.1,2,2,2,1.0,1.0,3.05,2019-06-01
118,201807,744.2,212,86,106,1.2325581395348837,2.0,3.510377358490566,2018-07-01
118,201808,737.35,215,100,116,1.16,1.853448275862069,3.4295348837209305,2018-08-01
118,201809,692.4,196,84,97,1.1547619047619047,2.020618556701031,3.5326530612244897,2018-09-01
118,201810,718.2,200,83,99,1.1927710843373494,2.0202020202020203,3.591,2018-10-01
118,201811,662.6,194,80,97,1.2125,2.0,3.4154639175257735,2018-11-01
118,201812,906.0,264,107,131,1.2242990654205608,2.015267175572519,3.4318181818181817,2018-12-01
118,201901,925.0,256,94,127,1.351063829787234,2.015748031496063,3.61328125,2019-01-01
118,201902,757.2,208,80,103,1.2875,2.0194174757281553,3.6403846153846158,2019-02-01
118,201903,818.2,232,99,116,1.1717171717171717,2.0,3.526724137931035,2019-03-01
118,201904,829.0,240,96,120,1.25,2.0,3.4541666666666666,2019-04-01
118,201905,695.9,198,80,100,1.25,1.98,3.5146464646464644,2019-05-01
118,201906,785.8,220,92,109,1.184782608695652,2.018348623853211,3.571818181818182,2019-06-01
119,201807,982.6,232,100,116,1.16,2.0,4.235344827586207,2018-07-01
119,201808,904.4,208,96,110,1.1458333333333333,1.8909090909090909,4.348076923076923,2018-08-01
119,201809,906.8000000000001,207,95,103,1.0842105263157895,2.0097087378640777,4.380676328502416,2018-09-01
119,201810,809.8,188,88,96,1.0909090909090908,1.9583333333333333,4.307446808510638,2018-10-01
119,201811,888.7,201,92,103,1.1195652173913044,1.9514563106796117,4.421393034825871,2018-11-01
119,201812,922.6,215,94,108,1.148936170212766,1.9907407407407407,4.291162790697674,2018-12-01
119,201901,894.3,203,88,105,1.1931818181818181,1.9333333333333333,4.405418719211823,2019-01-01
119,201902,973.7,222,97,113,1.1649484536082475,1.9646017699115044,4.386036036036036,2019-02-01
119,201903,957.3,219,96,112,1.1666666666666667,1.9553571428571428,4.3712328767123285,2019-03-01
119,201904,823.0,192,83,98,1.180722891566265,1.9591836734693877,4.286458333333333,2019-04-01
119,201905,791.9,177,77,93,1.2077922077922079,1.903225806451613,4.474011299435028,2019-05-01
119,201906,840.8,194,84,98,1.1666666666666667,1.9795918367346939,4.334020618556701,2019-06-01
120,201807,79.2,24,22,22,1.0,1.0909090909090908,3.3000000000000003,2018-07-01
120,201808,242.9,70,54,60,1.1111111111111112,1.1666666666666667,3.47,2018-08-01
120,201809,134.5,40,32,37,1.15625,1.0810810810810811,3.3625,2018-09-01
120,201810,101.0,28,25,25,1.0,1.12,3.607142857142857,2018-10-01
120,201811,118.7,33,33,33,1.0,1.0,3.596969696969697,2018-11-01
120,201812,123.7,37,31,33,1.064516129032258,1.121212121212121,3.3432432432432435,2018-12-01
120,201901,179.4,48,44,45,1.0227272727272727,1.0666666666666667,3.7375000000000003,2019-01-01
120,201902,123.8,33,30,31,1.0333333333333334,1.064516129032258,3.7515151515151515,2019-02-01
120,201903,97.2,28,26,26,1.0,1.0769230769230769,3.4714285714285715,2019-03-01
120,201904,113.6,31,29,31,1.0689655172413792,1.0,3.664516129032258,2019-04-01
120,201905,180.65,52,46,48,1.0434782608695652,1.0833333333333333,3.474038461538462,2019-05-01
120,201906,179.9,50,42,43,1.0238095238095237,1.1627906976744187,3.5980000000000003,2019-06-01
121,201807,377.9,103,54,60,1.1111111111111112,1.7166666666666666,3.668932038834951,2018-07-01
121,201808,278.0,84,51,53,1.0392156862745099,1.5849056603773586,3.3095238095238093,2018-08-01
121,201809,330.8,88,48,51,1.0625,1.7254901960784315,3.7590909090909093,2018-09-01
121,201810,262.8,74,42,44,1.0476190476190477,1.6818181818181819,3.5513513513513515,2018-10-01
121,201811,245.4,76,40,43,1.075,1.7674418604651163,3.2289473684210526,2018-11-01
121,201812,293.8,84,46,48,1.0434782608695652,1.75,3.4976190476190476,2018-12-01
121,201901,275.0,84,49,52,1.0612244897959184,1.6153846153846154,3.2738095238095237,2019-01-01
121,201902,210.0,52,29,30,1.0344827586206897,1.7333333333333334,4.038461538461538,2019-02-01
121,201903,274.7,82,46,48,1.0434782608695652,1.7083333333333333,3.3499999999999996,2019-03-01
121,201904,209.2,65,37,38,1.027027027027027,1.7105263157894737,3.2184615384615385,2019-04-01
121,201905,280.8,79,46,46,1.0,1.7173913043478262,3.5544303797468357,2019-05-01
121,201906,238.7,76,43,44,1.0232558139534884,1.7272727272727273,3.1407894736842104,2019-06-01
122,201807,832.4,242,95,120,1.263157894736842,2.0166666666666666,3.4396694214876034,2018-07-01
122,201808,819.2,227,101,122,1.2079207920792079,1.860655737704918,3.608810572687225,2018-08-01
122,201809,831.0,236,96,117,1.21875,2.017094017094017,3.5211864406779663,2018-09-01
122,201810,821.2,240,94,118,1.2553191489361701,2.0338983050847457,3.421666666666667,2018-10-01
122,201811,710.0,206,80,101,1.2625,2.0396039603960396,3.4466019417475726,2018-11-01
122,201812,804.0,222,95,111,1.168421052631579,2.0,3.6216216216216215,2018-12-01
122,201901,813.8,230,90,114,1.2666666666666666,2.017543859649123,3.5382608695652173,2019-01-01
122,201902,697.0,190,77,95,1.2337662337662338,2.0,3.668421052631579,2019-02-01
122,201903,830.0,240,94,120,1.2765957446808511,2.0,3.4583333333333335,2019-03-01
122,201904,716.0,200,79,99,1.2531645569620253,2.0202020202020203,3.58,2019-04-01
122,201905,740.1,210,86,108,1.255813953488372,1.9444444444444444,3.5242857142857145,2019-05-01
122,201906,793.0,232,95,115,1.2105263157894737,2.017391304347826,3.418103448275862,2019-06-01
123,201807,977.9,225,99,113,1.1414141414141414,1.991150442477876,4.346222222222222,2018-07-01
123,201808,1266.3,285,128,144,1.125,1.9791666666666667,4.443157894736842,2018-08-01
123,201809,1103.2,256,106,129,1.2169811320754718,1.9844961240310077,4.309375,2018-09-01
123,201810,1184.1,264,116,134,1.1551724137931034,1.9701492537313432,4.485227272727272,2018-10-01
123,201811,1116.7,261,116,132,1.1379310344827587,1.9772727272727273,4.278544061302682,2018-11-01
123,201812,1014.6,231,100,116,1.16,1.9913793103448276,4.392207792207793,2018-12-01
123,201901,914.6,209,92,105,1.141304347826087,1.9904761904761905,4.376076555023923,2019-01-01
123,201902,1109.0,252,112,128,1.1428571428571428,1.96875,4.400793650793651,2019-02-01
123,201903,1078.6,243,107,124,1.158878504672897,1.9596774193548387,4.438683127572016,2019-03-01
123,201904,1010.9,226,104,114,1.0961538461538463,1.9824561403508771,4.473008849557522,2019-04-01
123,201905,904.1,212,97,109,1.1237113402061856,1.944954128440367,4.264622641509434,2019-05-01
123,201906,916.3,216,91,107,1.1758241758241759,2.0186915887850465,4.24212962962963,2019-06-01
124,201807,99.3,30,27,27,1.0,1.1111111111111112,3.31,2018-07-01
124,201808,198.2,52,37,39,1.054054054054054,1.3333333333333333,3.8115384615384613,2018-08-01
124,201809,133.7,39,33,34,1.0303030303030303,1.1470588235294117,3.428205128205128,2018-09-01
124,201810,168.9,45,38,38,1.0,1.1842105263157894,3.7533333333333334,2018-10-01
124,201811,195.6,55,46,47,1.0217391304347827,1.1702127659574468,3.556363636363636,2018-11-01
124,201812,157.5,45,34,38,1.1176470588235294,1.1842105263157894,3.5,2018-12-01
124,201901,142.9,41,35,35,1.0,1.1714285714285715,3.4853658536585366,2019-01-01
124,201902,208.1,62,45,47,1.0444444444444445,1.3191489361702127,3.356451612903226,2019-02-01
124,201903,205.4,58,47,48,1.0212765957446808,1.2083333333333333,3.5413793103448277,2019-03-01
124,201904,149.3,42,34,37,1.088235294117647,1.135135135135135,3.554761904761905,2019-04-01
124,201905,151.1,41,38,38,1.0,1.0789473684210527,3.6853658536585363,2019-05-01
124,201906,164.9,47,36,38,1.0555555555555556,1.236842105263158,3.5085106382978726,2019-06-01
125,201807,999.0,236,95,117,1.231578947368421,2.017094017094017,4.233050847457627,2018-07-01
125,201808,1002.55,230,105,122,1.161904761904762,1.8852459016393444,4.35891304347826,2018-08-01
125,201809,1145.8,268,119,134,1.1260504201680672,2.0,4.275373134328358,2018-09-01
125,201810,1059.5,237,106,119,1.1226415094339623,1.9915966386554622,4.470464135021097,2018-10-01
125,201811,1115.6,267,119,134,1.1260504201680672,1.992537313432836,4.178277153558052,2018-11-01
125,201812,1167.6,267,115,133,1.1565217391304348,2.007518796992481,4.373033707865168,2018-12-01
125,201901,1048.5,244,104,121,1.1634615384615385,2.0165289256198347,4.297131147540983,2019-01-01
125,201902,864.8,198,83,98,1.180722891566265,2.020408163265306,4.367676767676768,2019-02-01
125,201903,1153.8,264,113,133,1.176991150442478,1.9849624060150375,4.370454545454545,2019-03-01
125,201904,1026.6,229,104,116,1.1153846153846154,1.9741379310344827,4.48296943231441,2019-04-01
125,201905,1012.1,235,101,126,1.2475247524752475,1.8650793650793651,4.306808510638298,2019-05-01
125,201906,941.0,213,95,106,1.1157894736842104,2.009433962264151,4.417840375586854,2019-06-01
126,201807,301.0,70,32,35,1.09375,2.0,4.3,2018-07-01
126,201808,273.5,63,34,34,1.0,1.8529411764705883,4.341269841269841,2018-08-01
126,201809,351.4,81,37,41,1.1081081081081081,1.975609756097561,4.338271604938272,2018-09-01
126,201810,327.4,76,34,37,1.088235294117647,2.054054054054054,4.307894736842105,2018-10-01
126,201811,422.7,95,45,48,1.0666666666666667,1.9791666666666667,4.449473684210526,2018-11-01
126,201812,433.8,96,47,47,1.0,2.0425531914893615,4.51875,2018-12-01
126,201901,411.0,91,44,46,1.0454545454545454,1.9782608695652173,4.516483516483516,2019-01-01
126,201902,457.5,109,51,55,1.0784313725490196,1.981818181818182,4.197247706422019,2019-02-01
126,201903,461.8,101,48,51,1.0625,1.9803921568627452,4.572277227722773,2019-03-01
126,201904,280.2,67,33,34,1.0303030303030303,1.9705882352941178,4.182089552238806,2019-04-01
126,201905,443.5,103,48,53,1.1041666666666667,1.9433962264150944,4.305825242718447,2019-05-01
126,201906,383.1,85,40,43,1.075,1.9767441860465116,4.5070588235294125,2019-06-01
127,201807,37.9,11,7,7,1.0,1.5714285714285714,3.4454545454545453,2018-07-01
127,201808,29.5,9,6,6,1.0,1.5,3.2777777777777777,2018-08-01
127,201809,33.6,7,4,4,1.0,1.75,4.8,2018-09-01
127,201810,19.0,6,4,4,1.0,1.5,3.1666666666666665,2018-10-01
127,201811,27.3,9,6,6,1.0,1.5,3.033333333333333,2018-11-01
127,201812,8.3,2,2,2,1.0,1.0,4.15,2018-12-01
127,201901,36.4,12,8,8,1.0,1.5,3.033333333333333,2019-01-01
127,201902,11.4,5,3,3,1.0,1.6666666666666667,2.2800000000000002,2019-02-01
127,201903,34.1,10,7,7,1.0,1.4285714285714286,3.41,2019-03-01
127,201904,33.199999999999996,10,6,6,1.0,1.6666666666666667,3.3199999999999994,2019-04-01
127,201905,20.1,5,3,3,1.0,1.6666666666666667,4.0200000000000005,2019-05-01
127,201906,32.3,10,6,6,1.0,1.6666666666666667,3.2299999999999995,2019-06-01
128,201807,965.6,272,110,134,1.2181818181818183,2.029850746268657,3.5500000000000003,2018-07-01
128,201808,858.1,257,97,129,1.3298969072164948,1.9922480620155039,3.338910505836576,2018-08-01
128,201809,881.6,266,105,133,1.2666666666666666,2.0,3.3142857142857145,2018-09-01
128,201810,1040.0,292,107,142,1.3271028037383177,2.056338028169014,3.5616438356164384,2018-10-01
128,201811,954.8,270,104,133,1.2788461538461537,2.030075187969925,3.536296296296296,2018-11-01
128,201812,982.0,276,108,137,1.2685185185185186,2.0145985401459856,3.5579710144927534,2018-12-01
128,201901,804.0,224,94,112,1.1914893617021276,2.0,3.5892857142857144,2019-01-01
128,201902,909.2,256,90,123,1.3666666666666667,2.0813008130081303,3.5515625,2019-02-01
128,201903,866.8,236,92,116,1.2608695652173914,2.0344827586206895,3.672881355932203,2019-03-01
128,201904,977.4,286,114,142,1.2456140350877194,2.0140845070422535,3.4174825174825174,2019-04-01
128,201905,837.5,243,98,128,1.3061224489795917,1.8984375,3.4465020576131686,2019-05-01
128,201906,876.4,256,96,128,1.3333333333333333,2.0,3.4234375,2019-06-01
129,201807,644.6,186,74,92,1.2432432432432432,2.0217391304347827,3.4655913978494626,2018-07-01
129,201808,815.6,224,91,113,1.2417582417582418,1.9823008849557522,3.6410714285714287,2018-08-01
129,201809,830.8,230,86,114,1.3255813953488371,2.017543859649123,3.612173913043478,2018-09-01
129,201810,731.8,208,83,103,1.2409638554216869,2.0194174757281553,3.5182692307692305,2018-10-01
129,201811,647.0,184,75,92,1.2266666666666666,2.0,3.516304347826087,2018-11-01
129,201812,718.8,214,88,107,1.2159090909090908,2.0,3.358878504672897,2018-12-01
129,201901,839.0,240,91,117,1.2857142857142858,2.051282051282051,3.495833333333333,2019-01-01
129,201902,747.2,216,88,107,1.2159090909090908,2.0186915887850465,3.4592592592592593,2019-02-01
129,201903,794.4,234,91,115,1.2637362637362637,2.034782608695652,3.394871794871795,2019-03-01
129,201904,772.8000000000001,208,84,101,1.2023809523809523,2.0594059405940595,3.7153846153846155,2019-04-01
129,201905,728.3,208,86,110,1.2790697674418605,1.8909090909090909,3.5014423076923076,2019-05-01
129,201906,660.8,206,83,103,1.2409638554216869,2.0,3.2077669902912618,2019-06-01
130,201807,1207.5,282,118,141,1.194915254237288,2.0,4.281914893617022,2018-07-01
130,201808,1162.55,271,120,144,1.2,1.8819444444444444,4.289852398523985,2018-08-01
130,201809,879.8,207,91,104,1.1428571428571428,1.9903846153846154,4.2502415458937195,2018-09-01
130,201810,1305.5,301,134,151,1.126865671641791,1.9933774834437086,4.337209302325581,2018-10-01
130,201811,1060.1,241,106,121,1.1415094339622642,1.9917355371900827,4.398755186721991,2018-11-01
130,201812,1084.5,243,112,123,1.0982142857142858,1.975609756097561,4.462962962962963,2018-12-01
130,201901,1033.8,236,110,118,1.0727272727272728,2.0,4.380508474576271,2019-01-01
130,201902,1084.4,247,101,124,1.2277227722772277,1.9919354838709677,4.390283400809717,2019-02-01
130,201903,1159.9,263,112,132,1.1785714285714286,1.9924242424242424,4.4102661596958175,2019-03-01
130,201904,866.4,198,88,98,1.1136363636363635,2.020408163265306,4.375757575757576,2019-04-01
130,201905,1245.3,283,115,146,1.2695652173913043,1.9383561643835616,4.400353356890459,2019-05-01
130,201906,1327.8,293,127,147,1.1574803149606299,1.9931972789115646,4.5317406143344705,2019-06-01
131,201807,254.4,73,53,57,1.0754716981132075,1.280701754385965,3.484931506849315,2018-07-01
131,201808,225.3,62,43,44,1.0232558139534884,1.4090909090909092,3.633870967741936,2018-08-01
131,201809,181.0,46,36,37,1.0277777777777777,1.2432432432432432,3.9347826086956523,2018-09-01
131,201810,214.6,62,47,49,1.0425531914893618,1.2653061224489797,3.4612903225806453,2018-10-01
131,201811,210.9,60,47,48,1.0212765957446808,1.25,3.515,2018-11-01
131,201812,158.0,49,35,36,1.0285714285714285,1.3611111111111112,3.2244897959183674,2018-12-01
131,201901,184.7,54,43,44,1.0232558139534884,1.2272727272727273,3.42037037037037,2019-01-01
131,201902,183.4,58,40,40,1.0,1.45,3.1620689655172414,2019-02-01
131,201903,222.4,70,47,50,1.0638297872340425,1.4,3.177142857142857,2019-03-01
131,201904,188.4,51,34,35,1.0294117647058822,1.457142857142857,3.6941176470588237,2019-04-01
131,201905,165.1,47,32,34,1.0625,1.3823529411764706,3.5127659574468084,2019-05-01
131,201906,152.6,43,34,34,1.0,1.2647058823529411,3.5488372093023255,2019-06-01
132,201807,52.3,17,11,11,1.0,1.5454545454545454,3.076470588235294,2018-07-01
132,201808,24.200000000000003,7,4,4,1.0,1.75,3.4571428571428577,2018-08-01
132,201809,39.4,10,5,5,1.0,2.0,3.94,2018-09-01
132,201810,54.8,16,9,9,1.0,1.7777777777777777,3.425,2018-10-01
132,201811,39.3,11,6,6,1.0,1.8333333333333333,3.5727272727272723,2018-11-01
132,201812,26.2,8,4,4,1.0,2.0,3.275,2018-12-01
132,201901,27.0,8,4,4,1.0,2.0,3.375,2019-01-01
132,201902,15.4,6,3,3,1.0,2.0,2.566666666666667,2019-02-01
132,201903,69.8,16,8,8,1.0,2.0,4.3625,2019-03-01
132,201904,16.8,4,2,2,1.0,2.0,4.2,2019-04-01
132,201905,65.4,18,8,8,1.0,2.25,3.6333333333333337,2019-05-01
132,201906,38.300000000000004,9,5,5,1.0,1.8,4.255555555555556,2019-06-01
133,201807,971.6,278,104,139,1.3365384615384615,2.0,3.4949640287769785,2018-07-01
133,201808,799.0,236,106,127,1.1981132075471699,1.858267716535433,3.385593220338983,2018-08-01
133,201809,857.6,254,105,126,1.2,2.015873015873016,3.3763779527559055,2018-09-01
133,201810,937.4,272,110,134,1.2181818181818183,2.029850746268657,3.4463235294117647,2018-10-01
133,201811,837.0,244,96,120,1.25,2.033333333333333,3.430327868852459,2018-11-01
133,201812,989.6,288,107,141,1.3177570093457944,2.0425531914893615,3.4361111111111113,2018-12-01
133,201901,1022.8000000000001,290,110,144,1.309090909090909,2.013888888888889,3.526896551724138,2019-01-01
133,201902,760.5,217,91,104,1.1428571428571428,2.0865384615384617,3.5046082949308754,2019-02-01
133,201903,828.8,240,99,119,1.202020202020202,2.0168067226890756,3.453333333333333,2019-03-01
133,201904,897.8000000000001,260,106,130,1.2264150943396226,2.0,3.453076923076923,2019-04-01
133,201905,894.35,271,105,141,1.3428571428571427,1.9219858156028369,3.3001845018450187,2019-05-01
133,201906,929.2,262,100,130,1.3,2.0153846153846153,3.5465648854961835,2019-06-01
134,201807,388.6,92,44,46,1.0454545454545454,2.0,4.2239130434782615,2018-07-01
134,201808,417.35,96,47,52,1.1063829787234043,1.8461538461538463,4.347395833333334,2018-08-01
134,201809,412.8,98,48,49,1.0208333333333333,2.0,4.2122448979591836,2018-09-01
134,201810,463.2,104,47,51,1.0851063829787233,2.0392156862745097,4.453846153846154,2018-10-01
134,201811,467.6,112,54,56,1.037037037037037,2.0,4.175,2018-11-01
134,201812,352.2,82,38,40,1.0526315789473684,2.05,4.295121951219512,2018-12-01
134,201901,363.8,82,41,41,1.0,2.0,4.4365853658536585,2019-01-01
134,201902,306.8,70,33,35,1.0606060606060606,2.0,4.3828571428571435,2019-02-01
134,201903,378.4,90,43,45,1.0465116279069768,2.0,4.204444444444444,2019-03-01
134,201904,574.2,128,62,64,1.032258064516129,2.0,4.4859375,2019-04-01
134,201905,407.1,96,48,51,1.0625,1.8823529411764706,4.2406250000000005,2019-05-01
134,201906,433.8,104,49,52,1.0612244897959184,2.0,4.171153846153846,2019-06-01
135,201807,24.4,7,5,5,1.0,1.4,3.4857142857142853,2018-07-01
135,201808,33.3,10,8,8,1.0,1.25,3.3299999999999996,2018-08-01
135,201809,26.0,8,4,5,1.25,1.6,3.25,2018-09-01
135,201810,28.7,9,6,6,1.0,1.5,3.1888888888888887,2018-10-01
135,201811,15.7,5,3,3,1.0,1.6666666666666667,3.1399999999999997,2018-11-01
135,201812,35.5,10,7,8,1.1428571428571428,1.25,3.55,2018-12-01
135,201901,33.1,9,6,6,1.0,1.5,3.677777777777778,2019-01-01
135,201902,33.7,9,7,7,1.0,1.2857142857142858,3.744444444444445,2019-02-01
135,201903,22.4,7,4,4,1.0,1.75,3.1999999999999997,2019-03-01
135,201904,38.5,9,6,6,1.0,1.5,4.277777777777778,2019-04-01
135,201905,34.4,10,6,6,1.0,1.6666666666666667,3.44,2019-05-01
135,201906,28.799999999999997,8,4,4,1.0,2.0,3.5999999999999996,2019-06-01
136,201807,117.3,32,26,28,1.0769230769230769,1.1428571428571428,3.665625,2018-07-01
136,201808,158.9,44,36,37,1.0277777777777777,1.1891891891891893,3.6113636363636363,2018-08-01
136,201809,152.20000000000002,39,28,31,1.1071428571428572,1.2580645161290323,3.902564102564103,2018-09-01
136,201810,161.20000000000002,47,36,37,1.0277777777777777,1.2702702702702702,3.4297872340425535,2018-10-01
136,201811,134.7,38,31,34,1.096774193548387,1.1176470588235294,3.5447368421052627,2018-11-01
136,201812,153.6,42,34,36,1.0588235294117647,1.1666666666666667,3.657142857142857,2018-12-01
136,201901,99.6,28,26,26,1.0,1.0769230769230769,3.557142857142857,2019-01-01
136,201902,172.6,48,40,41,1.025,1.170731707317073,3.595833333333333,2019-02-01
136,201903,163.3,42,32,34,1.0625,1.2352941176470589,3.8880952380952385,2019-03-01
136,201904,178.4,55,40,42,1.05,1.3095238095238095,3.2436363636363637,2019-04-01
136,201905,182.6,49,42,42,1.0,1.1666666666666667,3.726530612244898,2019-05-01
136,201906,214.5,56,46,47,1.0217391304347827,1.1914893617021276,3.830357142857143,2019-06-01
137,201807,963.2,268,113,133,1.176991150442478,2.0150375939849625,3.594029850746269,2018-07-01
137,201808,857.35,236,100,121,1.21,1.9504132231404958,3.6328389830508474,2018-08-01
137,201809,902.2,248,90,122,1.3555555555555556,2.0327868852459017,3.637903225806452,2018-09-01
137,201810,1001.4,280,110,139,1.2636363636363637,2.014388489208633,3.5764285714285715,2018-10-01
137,201811,785.0,228,95,113,1.1894736842105262,2.017699115044248,3.442982456140351,2018-11-01
137,201812,753.2,216,91,107,1.1758241758241759,2.0186915887850465,3.4870370370370374,2018-12-01
137,201901,938.6,254,100,127,1.27,2.0,3.6952755905511814,2019-01-01
137,201902,765.8,214,87,107,1.2298850574712643,2.0,3.578504672897196,2019-02-01
137,201903,702.2,200,86,99,1.1511627906976745,2.0202020202020203,3.511,2019-03-01
137,201904,782.6,224,96,112,1.1666666666666667,2.0,3.49375,2019-04-01
137,201905,998.7,273,108,138,1.2777777777777777,1.9782608695652173,3.6582417582417586,2019-05-01
137,201906,780.2,230,91,114,1.2527472527472527,2.017543859649123,3.3921739130434783,2019-06-01
138,201807,778.2,228,87,112,1.2873563218390804,2.0357142857142856,3.4131578947368424,2018-07-01
138,201808,660.3,193,81,98,1.2098765432098766,1.969387755102041,3.421243523316062,2018-08-01
138,201809,869.8,252,108,126,1.1666666666666667,2.0,3.4515873015873013,2018-09-01
138,201810,910.8,260,103,128,1.2427184466019416,2.03125,3.503076923076923,2018-10-01
138,201811,906.4,262,101,131,1.297029702970297,2.0,3.4595419847328244,2018-11-01
138,201812,806.4,230,97,115,1.1855670103092784,2.0,3.506086956521739,2018-12-01
138,201901,880.0,248,95,123,1.2947368421052632,2.016260162601626,3.5483870967741935,2019-01-01
138,201902,683.8,206,83,102,1.2289156626506024,2.019607843137255,3.319417475728155,2019-02-01
138,201903,888.8,262,102,131,1.2843137254901962,2.0,3.3923664122137405,2019-03-01
138,201904,776.6,238,100,119,1.19,2.0,3.2630252100840336,2019-04-01
138,201905,786.5,228,90,118,1.3111111111111111,1.9322033898305084,3.449561403508772,2019-05-01
138,201906,1060.2,294,118,146,1.2372881355932204,2.0136986301369864,3.6061224489795918,2019-06-01
139,201807,35.0,11,8,8,1.0,1.375,3.1818181818181817,2018-07-01
139,201808,34.1,9,6,6,1.0,1.5,3.788888888888889,2018-08-01
139,201809,21.2,6,4,4,1.0,1.5,3.533333333333333,2018-09-01
139,201810,38.8,13,9,9,1.0,1.4444444444444444,2.9846153846153842,2018-10-01
139,201811,19.3,6,4,4,1.0,1.5,3.216666666666667,2018-11-01
139,201812,21.9,7,5,5,1.0,1.4,3.1285714285714286,2018-12-01
139,201901,13.600000000000001,4,3,3,1.0,1.3333333333333333,3.4000000000000004,2019-01-01
139,201902,22.8,6,4,4,1.0,1.5,3.8000000000000003,2019-02-01
139,201903,32.8,8,6,6,1.0,1.3333333333333333,4.1,2019-03-01
139,201904,36.8,10,7,7,1.0,1.4285714285714286,3.6799999999999997,2019-04-01
139,201905,27.900000000000002,7,6,6,1.0,1.1666666666666667,3.985714285714286,2019-05-01
139,201906,14.2,5,3,3,1.0,1.6666666666666667,2.84,2019-06-01
140,201807,8.5,2,2,2,1.0,1.0,4.25,2018-07-01
140,201808,24.3,7,7,7,1.0,1.0,3.4714285714285715,2018-08-01
140,201809,24.2,6,5,5,1.0,1.2,4.033333333333333,2018-09-01
140,201810,29.5,8,7,7,1.0,1.1428571428571428,3.6875,2018-10-01
140,201811,23.0,7,6,6,1.0,1.1666666666666667,3.2857142857142856,2018-11-01
140,201812,30.3,7,6,7,1.1666666666666667,1.0,4.328571428571428,2018-12-01
140,201901,8.7,3,3,3,1.0,1.0,2.9,2019-01-01
140,201902,7.0,2,2,2,1.0,1.0,3.5,2019-02-01
140,201903,43.8,11,9,9,1.0,1.2222222222222223,3.9818181818181815,2019-03-01
140,201904,19.2,5,5,5,1.0,1.0,3.84,2019-04-01
140,201905,5.9,2,2,2,1.0,1.0,2.95,2019-05-01
140,201906,19.0,5,5,5,1.0,1.0,3.8,2019-06-01
141,201807,262.6,59,41,41,1.0,1.4390243902439024,4.450847457627119,2018-07-01
141,201808,215.1,51,29,31,1.0689655172413792,1.6451612903225807,4.2176470588235295,2018-08-01
141,201809,207.3,48,30,32,1.0666666666666667,1.5,4.3187500000000005,2018-09-01
141,201810,260.9,60,37,39,1.054054054054054,1.5384615384615385,4.348333333333333,2018-10-01
141,201811,239.20000000000002,53,31,34,1.096774193548387,1.5588235294117647,4.513207547169811,2018-11-01
141,201812,320.7,76,46,48,1.0434782608695652,1.5833333333333333,4.219736842105263,2018-12-01
141,201901,330.1,72,46,48,1.0434782608695652,1.5,4.584722222222222,2019-01-01
141,201902,216.1,49,32,32,1.0,1.53125,4.410204081632653,2019-02-01
141,201903,241.70000000000002,57,36,37,1.0277777777777777,1.5405405405405406,4.2403508771929825,2019-03-01
141,201904,165.8,39,26,26,1.0,1.5,4.251282051282051,2019-04-01
141,201905,174.5,39,28,28,1.0,1.3928571428571428,4.4743589743589745,2019-05-01
141,201906,223.1,50,30,32,1.0666666666666667,1.5625,4.462,2019-06-01
142,201807,426.4,97,47,49,1.0425531914893618,1.9795918367346939,4.395876288659793,2018-07-01
142,201808,506.6,115,60,65,1.0833333333333333,1.7692307692307692,4.405217391304348,2018-08-01
142,201809,385.6,92,42,46,1.0952380952380953,2.0,4.191304347826088,2018-09-01
142,201810,439.8,102,50,51,1.02,2.0,4.311764705882353,2018-10-01
142,201811,479.6,112,55,56,1.018181818181818,2.0,4.2821428571428575,2018-11-01
142,201812,374.0,86,40,43,1.075,2.0,4.348837209302325,2018-12-01
142,201901,481.0,108,51,54,1.0588235294117647,2.0,4.453703703703703,2019-01-01
142,201902,422.2,98,45,49,1.0888888888888888,2.0,4.308163265306122,2019-02-01
142,201903,453.2,104,49,52,1.0612244897959184,2.0,4.357692307692307,2019-03-01
142,201904,484.0,112,51,56,1.0980392156862746,2.0,4.321428571428571,2019-04-01
142,201905,309.6,72,38,38,1.0,1.894736842105263,4.300000000000001,2019-05-01
142,201906,411.8,90,41,45,1.0975609756097562,2.0,4.575555555555556,2019-06-01
143,201807,313.7,71,35,38,1.0857142857142856,1.868421052631579,4.418309859154929,2018-07-01
143,201808,375.95,90,48,49,1.0208333333333333,1.836734693877551,4.177222222222222,2018-08-01
143,201809,316.5,74,38,39,1.0263157894736843,1.8974358974358974,4.277027027027027,2018-09-01
143,201810,380.90000000000003,84,44,46,1.0454545454545454,1.826086956521739,4.53452380952381,2018-10-01
143,201811,345.6,82,40,41,1.025,2.0,4.214634146341464,2018-11-01
143,201812,384.9,91,47,48,1.0212765957446808,1.8958333333333333,4.22967032967033,2018-12-01
143,201901,355.8,84,44,45,1.0227272727272727,1.8666666666666667,4.235714285714286,2019-01-01
143,201902,427.5,95,43,50,1.1627906976744187,1.9,4.5,2019-02-01
143,201903,356.3,82,43,44,1.0232558139534884,1.8636363636363635,4.345121951219513,2019-03-01
143,201904,324.3,78,41,41,1.0,1.9024390243902438,4.157692307692308,2019-04-01
143,201905,301.95,70,35,36,1.0285714285714285,1.9444444444444444,4.313571428571429,2019-05-01
143,201906,380.6,86,46,49,1.065217391304348,1.7551020408163265,4.425581395348837,2019-06-01
144,201807,676.6,196,79,97,1.2278481012658229,2.020618556701031,3.4520408163265306,2018-07-01
144,201808,652.2,183,83,97,1.1686746987951808,1.8865979381443299,3.5639344262295083,2018-08-01
144,201809,588.8,170,71,84,1.1830985915492958,2.0238095238095237,3.4635294117647057,2018-09-01
144,201810,720.8,204,87,100,1.1494252873563218,2.04,3.533333333333333,2018-10-01
144,201811,697.4,200,81,100,1.2345679012345678,2.0,3.487,2018-11-01
144,201812,784.6,210,90,104,1.1555555555555554,2.019230769230769,3.7361904761904765,2018-12-01
144,201901,659.0,204,78,101,1.294871794871795,2.01980198019802,3.230392156862745,2019-01-01
144,201902,559.0,154,64,77,1.203125,2.0,3.6298701298701297,2019-02-01
144,201903,638.0,190,80,94,1.175,2.021276595744681,3.357894736842105,2019-03-01
144,201904,676.2,192,75,96,1.28,2.0,3.521875,2019-04-01
144,201905,691.15,197,86,102,1.186046511627907,1.9313725490196079,3.5083756345177664,2019-05-01
144,201906,688.0,194,79,96,1.2151898734177216,2.0208333333333335,3.5463917525773194,2019-06-01
145,201807,347.2,80,43,45,1.0465116279069768,1.7777777777777777,4.34,2018-07-01
145,201808,274.2,64,35,35,1.0,1.8285714285714285,4.284375,2018-08-01
145,201809,344.8,80,42,45,1.0714285714285714,1.7777777777777777,4.3100000000000005,2018-09-01
145,201810,307.9,70,39,41,1.0512820512820513,1.7073170731707317,4.398571428571429,2018-10-01
145,201811,296.8,65,35,37,1.0571428571428572,1.7567567567567568,4.5661538461538465,2018-11-01
145,201812,266.9,64,37,37,1.0,1.7297297297297298,4.1703125,2018-12-01
145,201901,264.8,60,31,34,1.096774193548387,1.7647058823529411,4.413333333333333,2019-01-01
145,201902,241.4,55,30,31,1.0333333333333334,1.7741935483870968,4.38909090909091,2019-02-01
145,201903,337.4,75,43,43,1.0,1.744186046511628,4.498666666666666,2019-03-01
145,201904,272.5,60,36,37,1.0277777777777777,1.6216216216216217,4.541666666666667,2019-04-01
145,201905,278.4,64,37,38,1.027027027027027,1.6842105263157894,4.35,2019-05-01
145,201906,287.4,66,39,39,1.0,1.6923076923076923,4.3545454545454545,2019-06-01
146,201807,12.0,4,3,3,1.0,1.3333333333333333,3.0,2018-07-01
146,201808,46.5,12,7,7,1.0,1.7142857142857142,3.875,2018-08-01
146,201809,20.0,6,4,4,1.0,1.5,3.3333333333333335,2018-09-01
146,201810,12.8,4,3,3,1.0,1.3333333333333333,3.2,2018-10-01
146,201811,13.399999999999999,4,3,3,1.0,1.3333333333333333,3.3499999999999996,2018-11-01
146,201812,11.5,4,4,4,1.0,1.0,2.875,2018-12-01
146,201901,40.5,9,5,5,1.0,1.8,4.5,2019-01-01
146,201902,27.8,8,7,7,1.0,1.1428571428571428,3.475,2019-02-01
146,201903,30.7,10,8,8,1.0,1.25,3.07,2019-03-01
146,201904,10.5,3,3,3,1.0,1.0,3.5,2019-04-01
146,201905,29.6,8,4,4,1.0,2.0,3.7,2019-05-01
146,201906,8.1,4,3,3,1.0,1.3333333333333333,2.025,2019-06-01
147,201807,692.8,200,87,99,1.1379310344827587,2.0202020202020203,3.464,2018-07-01
147,201808,617.25,180,77,95,1.2337662337662338,1.894736842105263,3.4291666666666667,2018-08-01
147,201809,754.0,220,86,108,1.255813953488372,2.037037037037037,3.4272727272727272,2018-09-01
147,201810,921.0,268,97,133,1.3711340206185567,2.0150375939849625,3.4365671641791047,2018-10-01
147,201811,715.6,214,86,107,1.244186046511628,2.0,3.34392523364486,2018-11-01
147,201812,799.8,218,85,107,1.2588235294117647,2.0373831775700935,3.668807339449541,2018-12-01
147,201901,818.0,226,92,112,1.2173913043478262,2.017857142857143,3.6194690265486726,2019-01-01
147,201902,845.6,244,95,122,1.2842105263157895,2.0,3.4655737704918033,2019-02-01
147,201903,785.8,220,89,109,1.2247191011235956,2.018348623853211,3.571818181818182,2019-03-01
147,201904,833.8,234,97,115,1.1855670103092784,2.034782608695652,3.563247863247863,2019-04-01
147,201905,755.15,214,95,118,1.2421052631578948,1.8135593220338984,3.5287383177570093,2019-05-01
147,201906,708.2,198,81,99,1.2222222222222223,2.0,3.576767676767677,2019-06-01
148,201807,651.5,152,91,105,1.1538461538461537,1.4476190476190476,4.286184210526316,2018-07-01
148,201808,707.4,161,91,107,1.1758241758241759,1.5046728971962617,4.393788819875776,2018-08-01
148,201809,643.2,147,90,99,1.1,1.4848484848484849,4.375510204081633,2018-09-01
148,201810,682.3,158,94,107,1.1382978723404256,1.4766355140186915,4.318354430379746,2018-10-01
148,201811,607.1,142,84,96,1.1428571428571428,1.4791666666666667,4.275352112676057,2018-11-01
148,201812,831.1,190,105,128,1.2190476190476192,1.484375,4.37421052631579,2018-12-01
148,201901,618.4,144,93,100,1.075268817204301,1.44,4.294444444444444,2019-01-01
148,201902,649.4,147,79,91,1.1518987341772151,1.6153846153846154,4.4176870748299315,2019-02-01
148,201903,771.1,173,93,114,1.2258064516129032,1.5175438596491229,4.457225433526012,2019-03-01
148,201904,690.3,158,92,107,1.1630434782608696,1.4766355140186915,4.368987341772152,2019-04-01
148,201905,624.9,144,84,94,1.119047619047619,1.5319148936170213,4.339583333333334,2019-05-01
148,201906,755.8000000000001,172,94,112,1.1914893617021276,1.5357142857142858,4.394186046511629,2019-06-01
149,201807,377.2,84,42,42,1.0,2.0,4.4904761904761905,2018-07-01
149,201808,444.4,100,52,54,1.0384615384615385,1.8518518518518519,4.444,2018-08-01
149,201809,382.1,89,43,45,1.0465116279069768,1.9777777777777779,4.293258426966292,2018-09-01
149,201810,366.40000000000003,84,37,42,1.135135135135135,2.0,4.361904761904762,2018-10-01
149,201811,366.4,84,39,42,1.0769230769230769,2.0,4.3619047619047615,2018-11-01
149,201812,350.8,84,41,42,1.024390243902439,2.0,4.1761904761904765,2018-12-01
149,201901,409.6,94,46,47,1.0217391304347827,2.0,4.357446808510638,2019-01-01
149,201902,380.4,88,42,44,1.0476190476190477,2.0,4.322727272727272,2019-02-01
149,201903,448.4,104,49,52,1.0612244897959184,2.0,4.311538461538461,2019-03-01
149,201904,322.5,72,35,37,1.0571428571428572,1.945945945945946,4.479166666666667,2019-04-01
149,201905,412.6,91,44,47,1.0681818181818181,1.9361702127659575,4.534065934065934,2019-05-01
149,201906,339.0,77,38,39,1.0263157894736843,1.9743589743589745,4.402597402597403,2019-06-01
150,201807,407.6,94,47,47,1.0,2.0,4.336170212765958,2018-07-01
150,201808,402.9,93,45,49,1.0888888888888888,1.8979591836734695,4.332258064516129,2018-08-01
150,201809,391.8,86,40,43,1.075,2.0,4.555813953488372,2018-09-01
150,201810,377.0,84,43,43,1.0,1.9534883720930232,4.488095238095238,2018-10-01
150,201811,490.40000000000003,112,52,56,1.0769230769230769,2.0,4.378571428571429,2018-11-01
150,201812,491.4,112,50,55,1.1,2.036363636363636,4.3875,2018-12-01
150,201901,397.0,97,45,49,1.0888888888888888,1.9795918367346939,4.092783505154639,2019-01-01
150,201902,276.4,63,31,33,1.064516129032258,1.9090909090909092,4.387301587301587,2019-02-01
150,201903,410.8,92,40,46,1.15,2.0,4.465217391304348,2019-03-01
150,201904,359.3,81,39,41,1.0512820512820513,1.975609756097561,4.435802469135803,2019-04-01
150,201905,341.0,76,38,40,1.0526315789473684,1.9,4.4868421052631575,2019-05-01
150,201906,410.2,92,45,47,1.0444444444444445,1.9574468085106382,4.458695652173913,2019-06-01
151,201807,131.9,38,28,28,1.0,1.3571428571428572,3.4710526315789476,2018-07-01
151,201808,131.0,41,29,33,1.1379310344827587,1.2424242424242424,3.1951219512195124,2018-08-01
151,201809,121.0,39,31,33,1.064516129032258,1.1818181818181819,3.1025641025641026,2018-09-01
151,201810,123.2,36,28,28,1.0,1.2857142857142858,3.4222222222222225,2018-10-01
151,201811,121.4,34,27,29,1.0740740740740742,1.1724137931034482,3.570588235294118,2018-11-01
151,201812,199.2,56,46,47,1.0217391304347827,1.1914893617021276,3.557142857142857,2018-12-01
151,201901,134.0,37,30,31,1.0333333333333334,1.1935483870967742,3.6216216216216215,2019-01-01
151,201902,166.0,49,40,41,1.025,1.1951219512195121,3.3877551020408165,2019-02-01
151,201903,135.0,40,35,35,1.0,1.1428571428571428,3.375,2019-03-01
151,201904,109.9,39,29,29,1.0,1.3448275862068966,2.817948717948718,2019-04-01
151,201905,147.9,43,30,32,1.0666666666666667,1.34375,3.4395348837209303,2019-05-01
151,201906,170.4,49,38,39,1.0263157894736843,1.2564102564102564,3.477551020408163,2019-06-01
152,201807,982.6,274,101,135,1.3366336633663367,2.0296296296296297,3.586131386861314,2018-07-01
152,201808,918.3,266,110,136,1.2363636363636363,1.9558823529411764,3.452255639097744,2018-08-01
152,201809,851.6,250,103,123,1.1941747572815533,2.032520325203252,3.4064,2018-09-01
152,201810,886.4,256,100,127,1.27,2.015748031496063,3.4625,2018-10-01
152,201811,1053.8,298,113,146,1.2920353982300885,2.041095890410959,3.536241610738255,2018-11-01
152,201812,941.4,278,106,138,1.3018867924528301,2.0144927536231885,3.3863309352517983,2018-12-01
152,201901,1007.6,282,103,139,1.3495145631067962,2.028776978417266,3.573049645390071,2019-01-01
152,201902,762.6,218,86,108,1.255813953488372,2.0185185185185186,3.498165137614679,2019-02-01
152,201903,1061.2,294,104,142,1.3653846153846154,2.0704225352112675,3.6095238095238096,2019-03-01
152,201904,1026.8,280,107,138,1.2897196261682242,2.028985507246377,3.667142857142857,2019-04-01
152,201905,809.4,233,101,126,1.2475247524752475,1.8492063492063493,3.4738197424892703,2019-05-01
152,201906,808.8,230,97,115,1.1855670103092784,2.0,3.5165217391304346,2019-06-01
153,201807,1030.8,242,104,122,1.1730769230769231,1.9836065573770492,4.259504132231405,2018-07-01
153,201808,968.7,220,103,114,1.1067961165048543,1.9298245614035088,4.403181818181818,2018-08-01
153,201809,953.9,216,96,108,1.125,2.0,4.416203703703704,2018-09-01
153,201810,1100.6,249,112,125,1.1160714285714286,1.992,4.42008032128514,2018-10-01
153,201811,1059.7,234,98,116,1.183673469387755,2.0172413793103448,4.5286324786324785,2018-11-01
153,201812,1165.2,269,116,134,1.1551724137931034,2.0074626865671643,4.331598513011152,2018-12-01
153,201901,956.7,221,96,111,1.15625,1.990990990990991,4.3289592760181,2019-01-01
153,201902,937.4,213,91,108,1.1868131868131868,1.9722222222222223,4.40093896713615,2019-02-01
153,201903,1042.3,237,96,116,1.2083333333333333,2.043103448275862,4.39789029535865,2019-03-01
153,201904,1074.6000000000001,241,108,122,1.1296296296296295,1.9754098360655739,4.458921161825726,2019-04-01
153,201905,918.15,210,101,114,1.1287128712871286,1.8421052631578947,4.372142857142857,2019-05-01
153,201906,1099.6,256,115,128,1.1130434782608696,2.0,4.2953125,2019-06-01
154,201807,889.0,206,89,106,1.1910112359550562,1.9433962264150944,4.315533980582524,2018-07-01
154,201808,1127.05,257,118,135,1.1440677966101696,1.9037037037037037,4.385408560311284,2018-08-01
154,201809,843.1,196,92,102,1.108695652173913,1.9215686274509804,4.301530612244898,2018-09-01
154,201810,959.4,225,105,120,1.1428571428571428,1.875,4.264,2018-10-01
154,201811,943.5,213,93,111,1.1935483870967742,1.9189189189189189,4.429577464788732,2018-11-01
154,201812,1097.1,252,117,131,1.1196581196581197,1.9236641221374047,4.353571428571429,2018-12-01
154,201901,1084.3,240,109,123,1.128440366972477,1.951219512195122,4.517916666666666,2019-01-01
154,201902,935.1,221,98,112,1.1428571428571428,1.9732142857142858,4.231221719457014,2019-02-01
154,201903,1012.1,239,113,128,1.1327433628318584,1.8671875,4.234728033472804,2019-03-01
154,201904,1105.6,255,116,134,1.1551724137931034,1.9029850746268657,4.335686274509803,2019-04-01
154,201905,788.8,179,87,98,1.1264367816091954,1.8265306122448979,4.4067039106145245,2019-05-01
154,201906,1113.5,255,114,130,1.1403508771929824,1.9615384615384615,4.366666666666666,2019-06-01
155,201807,900.6,240,98,119,1.2142857142857142,2.0168067226890756,3.7525,2018-07-01
155,201808,738.7,216,88,113,1.2840909090909092,1.9115044247787611,3.4199074074074076,2018-08-01
155,201809,939.6,262,96,130,1.3541666666666667,2.0153846153846153,3.5862595419847327,2018-09-01
155,201810,914.0,256,105,128,1.2190476190476192,2.0,3.5703125,2018-10-01
155,201811,835.0,248,96,122,1.2708333333333333,2.0327868852459017,3.3669354838709675,2018-11-01
155,201812,799.8,226,91,112,1.2307692307692308,2.017857142857143,3.538938053097345,2018-12-01
155,201901,834.6,236,92,117,1.2717391304347827,2.017094017094017,3.5364406779661017,2019-01-01
155,201902,850.8,238,92,117,1.2717391304347827,2.034188034188034,3.5747899159663863,2019-02-01
155,201903,767.0,224,91,110,1.2087912087912087,2.036363636363636,3.424107142857143,2019-03-01
155,201904,800.4,228,93,113,1.2150537634408602,2.017699115044248,3.5105263157894737,2019-04-01
155,201905,863.25,244,101,127,1.2574257425742574,1.921259842519685,3.5379098360655736,2019-05-01
155,201906,760.8,214,87,106,1.2183908045977012,2.018867924528302,3.555140186915888,2019-06-01
156,201807,953.2,266,104,132,1.2692307692307692,2.015151515151515,3.5834586466165415,2018-07-01
156,201808,896.4,242,110,132,1.2,1.8333333333333333,3.7041322314049587,2018-08-01
156,201809,915.2,272,109,136,1.2477064220183487,2.0,3.364705882352941,2018-09-01
156,201810,863.8,262,101,131,1.297029702970297,2.0,3.296946564885496,2018-10-01
156,201811,796.0,222,91,110,1.2087912087912087,2.018181818181818,3.5855855855855854,2018-11-01
156,201812,1048.4,314,119,156,1.3109243697478992,2.0128205128205128,3.3388535031847137,2018-12-01
156,201901,1084.4,308,113,151,1.336283185840708,2.0397350993377485,3.5207792207792212,2019-01-01
156,201902,935.2,260,104,129,1.2403846153846154,2.0155038759689923,3.596923076923077,2019-02-01
156,201903,981.8,264,107,131,1.2242990654205608,2.015267175572519,3.7189393939393938,2019-03-01
156,201904,873.2,260,101,130,1.2871287128712872,2.0,3.3584615384615386,2019-04-01
156,201905,829.2,239,97,122,1.2577319587628866,1.959016393442623,3.469456066945607,2019-05-01
156,201906,867.4,246,99,121,1.2222222222222223,2.0330578512396693,3.5260162601626015,2019-06-01
157,201807,971.0,280,115,140,1.2173913043478262,2.0,3.467857142857143,2018-07-01
157,201808,836.2,243,100,128,1.28,1.8984375,3.441152263374486,2018-08-01
157,201809,834.4,242,100,121,1.21,2.0,3.4479338842975205,2018-09-01
157,201810,870.6,244,97,120,1.2371134020618557,2.033333333333333,3.568032786885246,2018-10-01
157,201811,885.8,246,98,122,1.2448979591836735,2.0163934426229506,3.600813008130081,2018-11-01
157,201812,941.6,268,100,132,1.32,2.0303030303030303,3.5134328358208955,2018-12-01
157,201901,736.2,214,89,107,1.202247191011236,2.0,3.4401869158878506,2019-01-01
157,201902,832.0,236,90,117,1.3,2.017094017094017,3.5254237288135593,2019-02-01
157,201903,954.2,264,98,131,1.336734693877551,2.015267175572519,3.6143939393939397,2019-03-01
157,201904,943.2,276,106,134,1.2641509433962264,2.0597014925373136,3.4173913043478263,2019-04-01
157,201905,844.9,240,106,124,1.169811320754717,1.935483870967742,3.5204166666666667,2019-05-01
157,201906,869.4,254,102,127,1.2450980392156863,2.0,3.4228346456692913,2019-06-01
158,201807,28.0,8,5,5,1.0,1.6,3.5,2018-07-01
158,201808,28.3,10,7,7,1.0,1.4285714285714286,2.83,2018-08-01
158,201809,33.9,12,8,8,1.0,1.5,2.8249999999999997,2018-09-01
158,201810,30.3,10,8,8,1.0,1.25,3.0300000000000002,2018-10-01
158,201811,27.6,8,5,5,1.0,1.6,3.45,2018-11-01
158,201812,14.2,5,2,3,1.5,1.6666666666666667,2.84,2018-12-01
158,201901,36.6,10,6,6,1.0,1.6666666666666667,3.66,2019-01-01
158,201902,21.8,6,4,4,1.0,1.5,3.6333333333333333,2019-02-01
158,201903,36.8,8,4,4,1.0,2.0,4.6,2019-03-01
158,201904,11.2,4,2,2,1.0,2.0,2.8,2019-04-01
158,201905,26.4,9,4,4,1.0,2.25,2.933333333333333,2019-05-01
158,201906,43.7,13,8,8,1.0,1.625,3.3615384615384616,2019-06-01
159,201807,21.6,7,5,5,1.0,1.4,3.085714285714286,2018-07-01
159,201808,14.7,3,2,2,1.0,1.5,4.8999999999999995,2018-08-01
159,201809,56.6,16,11,11,1.0,1.4545454545454546,3.5375,2018-09-01
159,201810,18.0,5,3,3,1.0,1.6666666666666667,3.6,2018-10-01
159,201811,39.5,15,9,9,1.0,1.6666666666666667,2.6333333333333333,2018-11-01
159,201812,11.0,4,3,3,1.0,1.3333333333333333,2.75,2018-12-01
159,201901,5.8,3,2,2,1.0,1.5,1.9333333333333333,2019-01-01
159,201902,23.5,5,4,4,1.0,1.25,4.7,2019-02-01
159,201903,51.6,15,10,10,1.0,1.5,3.44,2019-03-01
159,201904,27.700000000000003,7,4,4,1.0,1.75,3.9571428571428577,2019-04-01
159,201905,13.6,6,3,3,1.0,2.0,2.2666666666666666,2019-05-01
159,201906,28.599999999999998,9,6,6,1.0,1.5,3.1777777777777776,2019-06-01
160,201807,826.0,234,95,117,1.231578947368421,2.0,3.52991452991453,2018-07-01
160,201808,701.7,197,88,103,1.1704545454545454,1.912621359223301,3.5619289340101523,2018-08-01
160,201809,852.0,244,89,119,1.3370786516853932,2.0504201680672267,3.4918032786885247,2018-09-01
160,201810,856.8,236,95,117,1.231578947368421,2.017094017094017,3.630508474576271,2018-10-01
160,201811,899.0,254,96,124,1.2916666666666667,2.0483870967741935,3.5393700787401574,2018-11-01
160,201812,938.4,266,112,132,1.1785714285714286,2.015151515151515,3.52781954887218,2018-12-01
160,201901,854.2,246,106,121,1.1415094339622642,2.0330578512396693,3.472357723577236,2019-01-01
160,201902,794.4,230,97,114,1.175257731958763,2.017543859649123,3.4539130434782606,2019-02-01
160,201903,1015.4,292,112,145,1.2946428571428572,2.013793103448276,3.4773972602739724,2019-03-01
160,201904,952.0,264,107,130,1.2149532710280373,2.0307692307692307,3.606060606060606,2019-04-01
160,201905,699.15,197,86,108,1.255813953488372,1.8240740740740742,3.548984771573604,2019-05-01
160,201906,840.0,238,98,119,1.2142857142857142,2.0,3.5294117647058822,2019-06-01
161,201807,35.5,8,5,5,1.0,1.6,4.4375,2018-07-01
161,201808,29.900000000000002,12,7,7,1.0,1.7142857142857142,2.4916666666666667,2018-08-01
161,201809,49.400000000000006,13,7,7,1.0,1.8571428571428572,3.8000000000000003,2018-09-01
161,201810,13.7,4,3,3,1.0,1.3333333333333333,3.425,2018-10-01
161,201811,36.2,11,8,8,1.0,1.375,3.290909090909091,2018-11-01
161,201812,30.9,11,7,7,1.0,1.5714285714285714,2.809090909090909,2018-12-01
161,201901,20.8,6,5,5,1.0,1.2,3.466666666666667,2019-01-01
161,201902,14.9,4,3,3,1.0,1.3333333333333333,3.725,2019-02-01
161,201903,8.3,3,2,2,1.0,1.5,2.766666666666667,2019-03-01
161,201904,26.2,7,5,5,1.0,1.4,3.742857142857143,2019-04-01
161,201905,22.6,7,6,6,1.0,1.1666666666666667,3.2285714285714286,2019-05-01
161,201906,20.6,5,3,3,1.0,1.6666666666666667,4.12,2019-06-01
162,201807,834.2,236,97,118,1.2164948453608246,2.0,3.534745762711865,2018-07-01
162,201808,831.0,232,103,122,1.1844660194174756,1.901639344262295,3.581896551724138,2018-08-01
162,201809,780.0,222,89,110,1.2359550561797752,2.018181818181818,3.5135135135135136,2018-09-01
162,201810,753.0,212,90,106,1.1777777777777778,2.0,3.55188679245283,2018-10-01
162,201811,736.2,212,84,105,1.25,2.019047619047619,3.4726415094339624,2018-11-01
162,201812,888.6,248,106,124,1.169811320754717,2.0,3.583064516129032,2018-12-01
162,201901,645.4,192,80,96,1.2,2.0,3.361458333333333,2019-01-01
162,201902,698.0,200,85,100,1.1764705882352942,2.0,3.49,2019-02-01
162,201903,766.6,214,86,105,1.2209302325581395,2.038095238095238,3.5822429906542057,2019-03-01
162,201904,875.6,252,97,125,1.288659793814433,2.016,3.4746031746031747,2019-04-01
162,201905,637.4,182,76,92,1.2105263157894737,1.9782608695652173,3.502197802197802,2019-05-01
162,201906,694.4,198,81,98,1.2098765432098766,2.020408163265306,3.507070707070707,2019-06-01
163,201807,180.9,53,29,31,1.0689655172413792,1.7096774193548387,3.4132075471698116,2018-07-01
163,201808,172.9,47,29,30,1.0344827586206897,1.5666666666666667,3.678723404255319,2018-08-01
163,201809,256.3,69,42,43,1.0238095238095237,1.6046511627906976,3.7144927536231886,2018-09-01
163,201810,165.7,55,31,34,1.096774193548387,1.6176470588235294,3.0127272727272727,2018-10-01
163,201811,245.6,70,38,42,1.105263157894737,1.6666666666666667,3.5085714285714285,2018-11-01
163,201812,210.7,60,32,35,1.09375,1.7142857142857142,3.5116666666666663,2018-12-01
163,201901,195.7,56,37,38,1.027027027027027,1.4736842105263157,3.494642857142857,2019-01-01
163,201902,172.7,47,31,31,1.0,1.5161290322580645,3.674468085106383,2019-02-01
163,201903,235.1,71,41,44,1.0731707317073171,1.6136363636363635,3.3112676056338026,2019-03-01
163,201904,188.1,59,37,40,1.0810810810810811,1.475,3.188135593220339,2019-04-01
163,201905,212.7,59,41,41,1.0,1.4390243902439024,3.6050847457627118,2019-05-01
163,201906,230.7,66,39,41,1.0512820512820513,1.6097560975609757,3.495454545454545,2019-06-01
164,201807,770.0,232,89,115,1.2921348314606742,2.017391304347826,3.3189655172413794,2018-07-01
164,201808,859.7,247,104,132,1.2692307692307692,1.871212121212121,3.4805668016194335,2018-08-01
164,201809,752.4,208,88,104,1.1818181818181819,2.0,3.6173076923076923,2018-09-01
164,201810,788.2,220,90,110,1.2222222222222223,2.0,3.582727272727273,2018-10-01
164,201811,729.8,204,80,102,1.275,2.0,3.5774509803921566,2018-11-01
164,201812,981.4,280,111,139,1.2522522522522523,2.014388489208633,3.505,2018-12-01
164,201901,886.2,256,96,125,1.3020833333333333,2.048,3.46171875,2019-01-01
164,201902,728.2,204,89,101,1.1348314606741574,2.01980198019802,3.569607843137255,2019-02-01
164,201903,926.0,258,100,128,1.28,2.015625,3.5891472868217056,2019-03-01
164,201904,947.8000000000001,260,99,130,1.3131313131313131,2.0,3.6453846153846157,2019-04-01
164,201905,782.0,222,100,120,1.2,1.85,3.5225225225225225,2019-05-01
164,201906,737.8,208,84,104,1.2380952380952381,2.0,3.5471153846153842,2019-06-01
165,201807,1406.0,322,129,162,1.255813953488372,1.9876543209876543,4.366459627329193,2018-07-01
165,201808,1145.4,266,104,130,1.25,2.046153846153846,4.306015037593985,2018-08-01
165,201809,1250.6,280,119,140,1.1764705882352942,2.0,4.466428571428571,2018-09-01
165,201810,1183.4,269,114,133,1.1666666666666667,2.0225563909774436,4.399256505576209,2018-10-01
165,201811,1209.6,282,121,139,1.1487603305785123,2.028776978417266,4.2893617021276595,2018-11-01
165,201812,1192.4,264,111,131,1.1801801801801801,2.015267175572519,4.516666666666667,2018-12-01
165,201901,1360.8,308,129,154,1.193798449612403,2.0,4.418181818181818,2019-01-01
165,201902,1176.3,267,111,133,1.1981981981981982,2.007518796992481,4.40561797752809,2019-02-01
165,201903,1174.6,261,111,131,1.1801801801801801,1.9923664122137406,4.500383141762452,2019-03-01
165,201904,1299.9,300,123,150,1.2195121951219512,2.0,4.333,2019-04-01
165,201905,1410.45,316,131,168,1.282442748091603,1.880952380952381,4.463449367088608,2019-05-01
165,201906,1378.9,313,131,157,1.1984732824427482,1.9936305732484076,4.405431309904154,2019-06-01
166,201807,1077.0,239,118,131,1.1101694915254237,1.8244274809160306,4.506276150627615,2018-07-01
166,201808,825.6,188,90,104,1.1555555555555554,1.8076923076923077,4.391489361702128,2018-08-01
166,201809,886.3,206,107,115,1.074766355140187,1.791304347826087,4.302427184466019,2018-09-01
166,201810,1047.7,235,109,128,1.1743119266055047,1.8359375,4.458297872340426,2018-10-01
166,201811,990.7,224,113,125,1.1061946902654867,1.792,4.4227678571428575,2018-11-01
166,201812,922.5,216,107,119,1.1121495327102804,1.815126050420168,4.270833333333333,2018-12-01
166,201901,976.9,217,105,123,1.1714285714285715,1.7642276422764227,4.50184331797235,2019-01-01
166,201902,921.7,219,102,119,1.1666666666666667,1.8403361344537814,4.208675799086758,2019-02-01
166,201903,892.9,207,94,115,1.2234042553191489,1.8,4.313526570048309,2019-03-01
166,201904,986.7,224,102,120,1.1764705882352942,1.8666666666666667,4.404910714285714,2019-04-01
166,201905,893.45,202,102,116,1.1372549019607843,1.7413793103448276,4.423019801980198,2019-05-01
166,201906,935.2,221,101,123,1.2178217821782178,1.7967479674796747,4.2316742081447964,2019-06-01
167,201807,215.3,57,47,49,1.0425531914893618,1.163265306122449,3.7771929824561408,2018-07-01
167,201808,201.0,54,34,36,1.0588235294117647,1.5,3.7222222222222223,2018-08-01
167,201809,200.9,57,44,47,1.0681818181818181,1.2127659574468086,3.524561403508772,2018-09-01
167,201810,156.0,41,32,33,1.03125,1.2424242424242424,3.8048780487804876,2018-10-01
167,201811,171.4,50,39,44,1.1282051282051282,1.1363636363636365,3.428,2018-11-01
167,201812,150.4,41,36,37,1.0277777777777777,1.1081081081081081,3.6682926829268294,2018-12-01
167,201901,108.1,35,27,28,1.037037037037037,1.25,3.0885714285714285,2019-01-01
167,201902,147.8,47,32,34,1.0625,1.3823529411764706,3.14468085106383,2019-02-01
167,201903,172.5,48,40,41,1.025,1.170731707317073,3.59375,2019-03-01
167,201904,173.4,52,39,39,1.0,1.3333333333333333,3.3346153846153848,2019-04-01
167,201905,227.6,69,52,55,1.0576923076923077,1.2545454545454546,3.298550724637681,2019-05-01
167,201906,184.2,50,37,37,1.0,1.3513513513513513,3.6839999999999997,2019-06-01
168,201807,1013.2,280,106,138,1.3018867924528301,2.028985507246377,3.6185714285714288,2018-07-01
168,201808,815.95,230,93,115,1.2365591397849462,2.0,3.547608695652174,2018-08-01
168,201809,804.2,226,92,112,1.2173913043478262,2.017857142857143,3.558407079646018,2018-09-01
168,201810,949.6,272,107,136,1.2710280373831775,2.0,3.4911764705882353,2018-10-01
168,201811,899.0,252,103,126,1.2233009708737863,2.0,3.5674603174603177,2018-11-01
168,201812,1052.4,300,111,149,1.3423423423423424,2.0134228187919465,3.5080000000000005,2018-12-01
168,201901,862.0,236,95,117,1.231578947368421,2.017094017094017,3.652542372881356,2019-01-01
168,201902,1024.6,284,109,139,1.275229357798165,2.0431654676258995,3.607746478873239,2019-02-01
168,201903,995.4,278,118,139,1.1779661016949152,2.0,3.580575539568345,2019-03-01
168,201904,872.8,240,90,119,1.3222222222222222,2.0168067226890756,3.6366666666666663,2019-04-01
168,201905,882.85,261,105,134,1.276190476190476,1.9477611940298507,3.3825670498084293,2019-05-01
168,201906,770.6,224,92,112,1.2173913043478262,2.0,3.4401785714285715,2019-06-01
169,201807,196.0,59,35,36,1.0285714285714285,1.6388888888888888,3.3220338983050848,2018-07-01
169,201808,220.2,62,34,34,1.0,1.8235294117647058,3.551612903225806,2018-08-01
169,201809,242.4,71,40,43,1.075,1.6511627906976745,3.4140845070422534,2018-09-01
169,201810,297.1,89,43,51,1.186046511627907,1.7450980392156863,3.3382022471910116,2018-10-01
169,201811,329.6,94,50,54,1.08,1.7407407407407407,3.5063829787234044,2018-11-01
169,201812,274.3,81,44,46,1.0454545454545454,1.7608695652173914,3.38641975308642,2018-12-01
169,201901,295.40000000000003,81,49,51,1.0408163265306123,1.588235294117647,3.646913580246914,2019-01-01
169,201902,270.0,79,45,49,1.0888888888888888,1.6122448979591837,3.4177215189873418,2019-02-01
169,201903,264.1,74,43,43,1.0,1.7209302325581395,3.568918918918919,2019-03-01
169,201904,310.5,89,48,52,1.0833333333333333,1.7115384615384615,3.4887640449438204,2019-04-01
169,201905,235.9,66,45,46,1.0222222222222221,1.434782608695652,3.574242424242424,2019-05-01
169,201906,326.6,93,53,57,1.0754716981132075,1.631578947368421,3.5118279569892477,2019-06-01
170,201807,513.6,113,51,57,1.1176470588235294,1.9824561403508771,4.545132743362832,2018-07-01
170,201808,332.6,77,41,42,1.024390243902439,1.8333333333333333,4.3194805194805195,2018-08-01
170,201809,401.5,88,43,45,1.0465116279069768,1.9555555555555555,4.5625,2018-09-01
170,201810,444.2,102,47,51,1.0851063829787233,2.0,4.354901960784313,2018-10-01
170,201811,346.8,80,39,40,1.0256410256410255,2.0,4.335,2018-11-01
170,201812,294.8,64,31,32,1.032258064516129,2.0,4.60625,2018-12-01
170,201901,362.8,85,41,43,1.048780487804878,1.9767441860465116,4.268235294117647,2019-01-01
170,201902,226.6,54,26,27,1.0384615384615385,2.0,4.196296296296296,2019-02-01
170,201903,262.0,58,29,29,1.0,2.0,4.517241379310345,2019-03-01
170,201904,224.2,50,25,25,1.0,2.0,4.484,2019-04-01
170,201905,286.6,62,32,33,1.03125,1.878787878787879,4.622580645161291,2019-05-01
170,201906,379.2,90,43,45,1.0465116279069768,2.0,4.213333333333333,2019-06-01
171,201807,271.6,62,30,30,1.0,2.066666666666667,4.380645161290323,2018-07-01
171,201808,363.6,85,42,44,1.0476190476190477,1.9318181818181819,4.27764705882353,2018-08-01
171,201809,375.1,89,45,45,1.0,1.9777777777777779,4.214606741573034,2018-09-01
171,201810,392.6,94,42,47,1.119047619047619,2.0,4.176595744680851,2018-10-01
171,201811,388.8,96,46,48,1.0434782608695652,2.0,4.05,2018-11-01
171,201812,428.0,100,47,50,1.0638297872340425,2.0,4.28,2018-12-01
171,201901,331.2,78,36,39,1.0833333333333333,2.0,4.246153846153846,2019-01-01
171,201902,352.8,82,39,41,1.0512820512820513,2.0,4.302439024390244,2019-02-01
171,201903,415.4,94,44,47,1.0681818181818181,2.0,4.419148936170212,2019-03-01
171,201904,363.6,84,40,42,1.05,2.0,4.328571428571429,2019-04-01
171,201905,384.3,88,47,48,1.0212765957446808,1.8333333333333333,4.367045454545455,2019-05-01
171,201906,368.2,84,40,43,1.075,1.9534883720930232,4.383333333333333,2019-06-01
172,201807,738.4,212,82,106,1.2926829268292683,2.0,3.483018867924528,2018-07-01
172,201808,708.2,212,85,112,1.3176470588235294,1.8928571428571428,3.3405660377358495,2018-08-01
172,201809,767.2,210,81,105,1.2962962962962963,2.0,3.6533333333333338,2018-09-01
172,201810,931.4,278,103,138,1.3398058252427185,2.0144927536231885,3.350359712230216,2018-10-01
172,201811,811.4,238,91,117,1.2857142857142858,2.034188034188034,3.4092436974789915,2018-11-01
172,201812,850.2,236,94,117,1.2446808510638299,2.017094017094017,3.602542372881356,2018-12-01
172,201901,842.6,234,89,114,1.2808988764044944,2.0526315789473686,3.600854700854701,2019-01-01
172,201902,832.8000000000001,228,86,113,1.313953488372093,2.017699115044248,3.6526315789473687,2019-02-01
172,201903,663.4,196,85,98,1.1529411764705881,2.0,3.3846938775510202,2019-03-01
172,201904,826.0,236,91,117,1.2857142857142858,2.017094017094017,3.5,2019-04-01
172,201905,772.2,222,94,113,1.202127659574468,1.9646017699115044,3.4783783783783786,2019-05-01
172,201906,984.4,274,106,137,1.2924528301886793,2.0,3.592700729927007,2019-06-01
173,201807,440.8,102,48,51,1.0625,2.0,4.32156862745098,2018-07-01
173,201808,504.55,115,58,64,1.103448275862069,1.796875,4.387391304347826,2018-08-01
173,201809,308.2,74,37,37,1.0,2.0,4.164864864864865,2018-09-01
173,201810,514.0,112,52,56,1.0769230769230769,2.0,4.589285714285714,2018-10-01
173,201811,423.4,98,46,49,1.065217391304348,2.0,4.320408163265306,2018-11-01
173,201812,495.0,116,55,58,1.0545454545454545,2.0,4.267241379310345,2018-12-01
173,201901,448.4,102,47,51,1.0851063829787233,2.0,4.3960784313725485,2019-01-01
173,201902,322.2,80,35,39,1.1142857142857143,2.051282051282051,4.0275,2019-02-01
173,201903,537.4,122,53,60,1.1320754716981132,2.033333333333333,4.404918032786885,2019-03-01
173,201904,512.8,120,56,60,1.0714285714285714,2.0,4.2733333333333325,2019-04-01
173,201905,446.8,102,47,51,1.0851063829787233,2.0,4.3803921568627455,2019-05-01
173,201906,473.8,108,53,54,1.0188679245283019,2.0,4.387037037037037,2019-06-01
174,201807,307.0,71,36,37,1.0277777777777777,1.9189189189189189,4.323943661971831,2018-07-01
174,201808,432.0,94,46,48,1.0434782608695652,1.9583333333333333,4.595744680851064,2018-08-01
174,201809,238.0,54,25,27,1.08,2.0,4.407407407407407,2018-09-01
174,201810,317.0,72,33,36,1.0909090909090908,2.0,4.402777777777778,2018-10-01
174,201811,379.2,87,43,44,1.0232558139534884,1.9772727272727273,4.358620689655172,2018-11-01
174,201812,317.0,68,33,36,1.0909090909090908,1.8888888888888888,4.661764705882353,2018-12-01
174,201901,370.7,77,37,39,1.054054054054054,1.9743589743589745,4.814285714285714,2019-01-01
174,201902,491.1,107,49,54,1.1020408163265305,1.9814814814814814,4.5897196261682245,2019-02-01
174,201903,417.8,92,43,45,1.0465116279069768,2.0444444444444443,4.541304347826087,2019-03-01
174,201904,376.0,86,42,43,1.0238095238095237,2.0,4.372093023255814,2019-04-01
174,201905,236.9,59,32,32,1.0,1.84375,4.0152542372881355,2019-05-01
174,201906,404.4,92,41,46,1.1219512195121952,2.0,4.395652173913043,2019-06-01
175,201807,954.4,219,99,114,1.1515151515151516,1.9210526315789473,4.357990867579908,2018-07-01
175,201808,953.8,223,103,126,1.2233009708737863,1.7698412698412698,4.277130044843049,2018-08-01
175,201809,815.2,183,88,99,1.125,1.8484848484848484,4.454644808743169,2018-09-01
175,201810,819.7,183,86,96,1.1162790697674418,1.90625,4.479234972677596,2018-10-01
175,201811,731.3,173,77,91,1.1818181818181819,1.901098901098901,4.227167630057803,2018-11-01
175,201812,1059.5,243,107,126,1.1775700934579438,1.9285714285714286,4.360082304526749,2018-12-01
175,201901,1064.0,242,111,126,1.135135135135135,1.9206349206349207,4.396694214876033,2019-01-01
175,201902,787.3000000000001,177,81,94,1.1604938271604939,1.8829787234042554,4.448022598870057,2019-02-01
175,201903,852.5,195,97,103,1.0618556701030928,1.8932038834951457,4.371794871794871,2019-03-01
175,201904,1000.5,223,103,119,1.1553398058252426,1.8739495798319328,4.486547085201794,2019-04-01
175,201905,944.2,210,97,112,1.1546391752577319,1.875,4.496190476190477,2019-05-01
175,201906,1051.5,237,105,126,1.2,1.880952380952381,4.436708860759493,2019-06-01
176,201807,267.6,69,47,49,1.0425531914893618,1.4081632653061225,3.8782608695652177,2018-07-01
176,201808,139.3,43,31,31,1.0,1.3870967741935485,3.2395348837209306,2018-08-01
176,201809,178.4,53,40,40,1.0,1.325,3.3660377358490567,2018-09-01
176,201810,222.6,63,49,49,1.0,1.2857142857142858,3.533333333333333,2018-10-01
176,201811,161.3,47,33,36,1.0909090909090908,1.3055555555555556,3.4319148936170216,2018-11-01
176,201812,216.2,56,36,37,1.0277777777777777,1.5135135135135136,3.8607142857142853,2018-12-01
176,201901,163.9,49,29,32,1.103448275862069,1.53125,3.3448979591836734,2019-01-01
176,201902,233.3,63,40,42,1.05,1.5,3.7031746031746033,2019-02-01
176,201903,233.2,68,45,45,1.0,1.511111111111111,3.429411764705882,2019-03-01
176,201904,197.2,60,42,45,1.0714285714285714,1.3333333333333333,3.2866666666666666,2019-04-01
176,201905,276.5,77,44,47,1.0681818181818181,1.6382978723404256,3.590909090909091,2019-05-01
176,201906,238.6,67,43,46,1.069767441860465,1.4565217391304348,3.5611940298507463,2019-06-01
177,201807,9.6,3,3,3,1.0,1.0,3.1999999999999997,2018-07-01
177,201808,21.1,6,6,6,1.0,1.0,3.516666666666667,2018-08-01
177,201809,21.6,6,5,5,1.0,1.2,3.6,2018-09-01
177,201810,2.7,1,1,1,1.0,1.0,2.7,2018-10-01
177,201811,39.300000000000004,12,10,10,1.0,1.2,3.2750000000000004,2018-11-01
177,201812,5.3,2,2,2,1.0,1.0,2.65,2018-12-01
177,201901,31.700000000000003,9,9,9,1.0,1.0,3.5222222222222226,2019-01-01
177,201902,8.6,2,2,2,1.0,1.0,4.3,2019-02-01
177,201903,18.0,4,4,4,1.0,1.0,4.5,2019-03-01
177,201905,3.7,1,1,1,1.0,1.0,3.7,2019-05-01
177,201906,30.2,8,8,8,1.0,1.0,3.775,2019-06-01
178,201807,917.6,252,104,125,1.2019230769230769,2.016,3.641269841269841,2018-07-01
178,201808,832.7,229,103,122,1.1844660194174756,1.8770491803278688,3.636244541484716,2018-08-01
178,201809,868.8,242,94,116,1.2340425531914894,2.086206896551724,3.590082644628099,2018-09-01
178,201810,892.0,270,96,131,1.3645833333333333,2.0610687022900764,3.303703703703704,2018-10-01
178,201811,901.4,250,105,124,1.180952380952381,2.0161290322580645,3.6056,2018-11-01
178,201812,903.2,258,99,128,1.292929292929293,2.015625,3.5007751937984497,2018-12-01
178,201901,758.4,218,88,106,1.2045454545454546,2.056603773584906,3.478899082568807,2019-01-01
178,201902,1026.4,276,100,136,1.36,2.0294117647058822,3.7188405797101454,2019-02-01
178,201903,909.2,258,103,129,1.2524271844660195,2.0,3.524031007751938,2019-03-01
178,201904,989.6,276,112,136,1.2142857142857142,2.0294117647058822,3.5855072463768116,2019-04-01
178,201905,846.3,236,95,123,1.2947368421052632,1.91869918699187,3.586016949152542,2019-05-01
178,201906,654.8,198,86,99,1.1511627906976745,2.0,3.307070707070707,2019-06-01
179,201807,870.2,243,90,119,1.3222222222222222,2.042016806722689,3.5810699588477366,2018-07-01
179,201808,897.0,257,101,134,1.3267326732673268,1.9179104477611941,3.490272373540856,2018-08-01
179,201809,834.4,230,93,113,1.2150537634408602,2.0353982300884956,3.6278260869565218,2018-09-01
179,201810,900.8,256,99,128,1.292929292929293,2.0,3.51875,2018-10-01
179,201811,990.0,274,103,137,1.3300970873786409,2.0,3.613138686131387,2018-11-01
179,201812,685.6,196,78,96,1.2307692307692308,2.0416666666666665,3.4979591836734696,2018-12-01
179,201901,975.8,268,102,132,1.2941176470588236,2.0303030303030303,3.641044776119403,2019-01-01
179,201902,939.8,266,103,133,1.2912621359223302,2.0,3.5330827067669173,2019-02-01
179,201903,1028.6,306,121,153,1.2644628099173554,2.0,3.3614379084967316,2019-03-01
179,201904,982.4,276,100,137,1.37,2.0145985401459856,3.559420289855072,2019-04-01
179,201905,897.1,263,103,137,1.3300970873786409,1.9197080291970803,3.4110266159695817,2019-05-01
179,201906,881.2,248,96,124,1.2916666666666667,2.0,3.553225806451613,2019-06-01
180,201807,764.2,226,88,112,1.2727272727272727,2.017857142857143,3.38141592920354,2018-07-01
180,201808,721.4,220,98,117,1.1938775510204083,1.8803418803418803,3.279090909090909,2018-08-01
180,201809,820.4,236,93,118,1.2688172043010753,2.0,3.4762711864406777,2018-09-01
180,201810,793.4,220,88,109,1.2386363636363635,2.018348623853211,3.6063636363636364,2018-10-01
180,201811,748.8,210,93,105,1.1290322580645162,2.0,3.5657142857142854,2018-11-01
180,201812,932.0,262,100,131,1.31,2.0,3.5572519083969465,2018-12-01
180,201901,1004.2,286,101,141,1.396039603960396,2.028368794326241,3.5111888111888114,2019-01-01
180,201902,816.2,232,95,116,1.2210526315789474,2.0,3.518103448275862,2019-02-01
180,201903,899.2,252,97,125,1.288659793814433,2.016,3.5682539682539685,2019-03-01
180,201904,889.4,252,97,126,1.2989690721649485,2.0,3.5293650793650793,2019-04-01
180,201905,831.8000000000001,230,94,120,1.2765957446808511,1.9166666666666667,3.616521739130435,2019-05-01
180,201906,866.8,252,98,125,1.2755102040816326,2.016,3.4396825396825395,2019-06-01
181,201807,1303.4,296,126,150,1.1904761904761905,1.9733333333333334,4.403378378378378,2018-07-01
181,201808,984.65,227,105,122,1.161904761904762,1.860655737704918,4.337665198237885,2018-08-01
181,201809,1073.6,249,111,126,1.135135135135135,1.9761904761904763,4.311646586345381,2018-09-01
181,201810,1208.3,277,119,137,1.1512605042016806,2.021897810218978,4.362093862815884,2018-10-01
181,201811,1101.2,254,106,129,1.2169811320754718,1.9689922480620154,4.3354330708661415,2018-11-01
181,201812,1149.0,262,115,133,1.1565217391304348,1.9699248120300752,4.385496183206107,2018-12-01
181,201901,1092.7,244,101,123,1.2178217821782178,1.983739837398374,4.478278688524591,2019-01-01
181,201902,1028.2,234,103,115,1.116504854368932,2.034782608695652,4.394017094017094,2019-02-01
181,201903,1200.0,271,111,138,1.2432432432432432,1.963768115942029,4.428044280442805,2019-03-01
181,201904,1021.3000000000001,228,103,115,1.116504854368932,1.982608695652174,4.479385964912281,2019-04-01
181,201905,992.4,228,103,117,1.1359223300970873,1.9487179487179487,4.352631578947368,2019-05-01
181,201906,1127.5,255,109,128,1.1743119266055047,1.9921875,4.421568627450981,2019-06-01
182,201807,347.6,80,40,40,1.0,2.0,4.345000000000001,2018-07-01
182,201808,380.3,85,47,49,1.0425531914893618,1.7346938775510203,4.474117647058824,2018-08-01
182,201809,392.8,90,41,45,1.0975609756097562,2.0,4.364444444444445,2018-09-01
182,201810,353.4,80,39,40,1.0256410256410255,2.0,4.4174999999999995,2018-10-01
182,201811,453.8,100,47,50,1.0638297872340425,2.0,4.538,2018-11-01
182,201812,306.8,72,33,36,1.0909090909090908,2.0,4.261111111111111,2018-12-01
182,201901,353.6,83,42,42,1.0,1.9761904761904763,4.260240963855422,2019-01-01
182,201902,234.0,55,27,28,1.037037037037037,1.9642857142857142,4.254545454545455,2019-02-01
182,201903,286.3,67,33,34,1.0303030303030303,1.9705882352941178,4.273134328358209,2019-03-01
182,201904,367.2,82,40,41,1.025,2.0,4.478048780487804,2019-04-01
182,201905,369.4,82,41,44,1.0731707317073171,1.8636363636363635,4.504878048780488,2019-05-01
182,201906,272.4,64,31,32,1.032258064516129,2.0,4.25625,2019-06-01
183,201807,773.8,218,88,109,1.2386363636363635,2.0,3.5495412844036696,2018-07-01
183,201808,654.3,187,79,100,1.2658227848101267,1.87,3.498930481283422,2018-08-01
183,201809,771.2,208,84,104,1.2380952380952381,2.0,3.707692307692308,2018-09-01
183,201810,756.4,220,89,109,1.2247191011235956,2.018348623853211,3.438181818181818,2018-10-01
183,201811,746.2,208,89,104,1.1685393258426966,2.0,3.5875000000000004,2018-11-01
183,201812,867.6,258,103,128,1.2427184466019416,2.015625,3.3627906976744186,2018-12-01
183,201901,809.8,234,95,116,1.2210526315789474,2.0172413793103448,3.4606837606837604,2019-01-01
183,201902,716.0,198,84,99,1.1785714285714286,2.0,3.6161616161616164,2019-02-01
183,201903,767.4,228,94,113,1.202127659574468,2.017699115044248,3.3657894736842104,2019-03-01
183,201904,846.4,240,99,119,1.202020202020202,2.0168067226890756,3.5266666666666664,2019-04-01
183,201905,792.3000000000001,227,101,117,1.1584158415841583,1.9401709401709402,3.4903083700440534,2019-05-01
183,201906,838.2,230,84,113,1.3452380952380953,2.0353982300884956,3.644347826086957,2019-06-01
184,201807,889.2,254,92,125,1.358695652173913,2.032,3.5007874015748035,2018-07-01
184,201808,835.5,237,99,121,1.2222222222222223,1.9586776859504131,3.5253164556962027,2018-08-01
184,201809,820.4,234,91,116,1.2747252747252746,2.0172413793103448,3.505982905982906,2018-09-01
184,201810,870.4,246,104,122,1.1730769230769231,2.0163934426229506,3.538211382113821,2018-10-01
184,201811,832.4,228,88,112,1.2727272727272727,2.0357142857142856,3.650877192982456,2018-11-01
184,201812,826.2,236,87,118,1.3563218390804597,2.0,3.5008474576271187,2018-12-01
184,201901,882.4,248,92,124,1.3478260869565217,2.0,3.5580645161290323,2019-01-01
184,201902,800.2,228,82,111,1.353658536585366,2.054054054054054,3.509649122807018,2019-02-01
184,201903,893.2,248,97,123,1.268041237113402,2.016260162601626,3.601612903225807,2019-03-01
184,201904,942.0,266,102,133,1.303921568627451,2.0,3.5413533834586466,2019-04-01
184,201905,888.25,246,105,131,1.2476190476190476,1.8778625954198473,3.6107723577235773,2019-05-01
184,201906,835.8,234,81,115,1.4197530864197532,2.034782608695652,3.5717948717948715,2019-06-01
185,201807,200.70000000000002,55,37,39,1.054054054054054,1.4102564102564104,3.6490909090909094,2018-07-01
185,201808,253.3,69,50,51,1.02,1.3529411764705883,3.6710144927536232,2018-08-01
185,201809,181.3,53,36,39,1.0833333333333333,1.358974358974359,3.4207547169811323,2018-09-01
185,201810,203.3,60,38,39,1.0263157894736843,1.5384615384615385,3.3883333333333336,2018-10-01
185,201811,182.7,52,37,37,1.0,1.4054054054054055,3.5134615384615384,2018-11-01
185,201812,193.3,54,37,39,1.054054054054054,1.3846153846153846,3.57962962962963,2018-12-01
185,201901,242.2,70,45,47,1.0444444444444445,1.4893617021276595,3.46,2019-01-01
185,201902,204.29999999999998,55,38,40,1.0526315789473684,1.375,3.7145454545454544,2019-02-01
185,201903,242.6,68,47,50,1.0638297872340425,1.36,3.567647058823529,2019-03-01
185,201904,257.6,77,51,54,1.0588235294117647,1.4259259259259258,3.3454545454545457,2019-04-01
185,201905,299.6,83,54,56,1.037037037037037,1.4821428571428572,3.609638554216868,2019-05-01
185,201906,200.9,62,42,43,1.0238095238095237,1.441860465116279,3.240322580645161,2019-06-01
186,201807,131.6,38,28,30,1.0714285714285714,1.2666666666666666,3.4631578947368418,2018-07-01
186,201808,142.1,42,29,31,1.0689655172413792,1.3548387096774193,3.3833333333333333,2018-08-01
186,201809,157.3,43,30,31,1.0333333333333334,1.3870967741935485,3.658139534883721,2018-09-01
186,201810,153.9,43,30,31,1.0333333333333334,1.3870967741935485,3.579069767441861,2018-10-01
186,201811,156.9,42,37,37,1.0,1.135135135135135,3.7357142857142858,2018-11-01
186,201812,134.9,40,30,31,1.0333333333333334,1.2903225806451613,3.3725,2018-12-01
186,201901,174.1,48,39,40,1.0256410256410255,1.2,3.627083333333333,2019-01-01
186,201902,116.0,36,30,30,1.0,1.2,3.2222222222222223,2019-02-01
186,201903,127.1,36,30,30,1.0,1.2,3.5305555555555554,2019-03-01
186,201904,140.2,41,30,30,1.0,1.3666666666666667,3.419512195121951,2019-04-01
186,201905,190.2,51,37,38,1.027027027027027,1.3421052631578947,3.729411764705882,2019-05-01
186,201906,174.4,46,36,39,1.0833333333333333,1.1794871794871795,3.7913043478260873,2019-06-01
187,201807,238.6,56,37,40,1.0810810810810811,1.4,4.260714285714285,2018-07-01
187,201808,214.3,54,36,37,1.0277777777777777,1.4594594594594594,3.968518518518519,2018-08-01
187,201809,260.8,57,35,39,1.1142857142857143,1.4615384615384615,4.575438596491228,2018-09-01
187,201810,171.20000000000002,39,24,26,1.0833333333333333,1.5,4.38974358974359,2018-10-01
187,201811,327.9,78,48,54,1.125,1.4444444444444444,4.203846153846153,2018-11-01
187,201812,228.7,53,31,32,1.032258064516129,1.65625,4.315094339622641,2018-12-01
187,201901,184.2,42,30,31,1.0333333333333334,1.3548387096774193,4.385714285714285,2019-01-01
187,201902,241.4,54,37,39,1.054054054054054,1.3846153846153846,4.470370370370371,2019-02-01
187,201903,242.1,55,38,39,1.0263157894736843,1.4102564102564104,4.401818181818181,2019-03-01
187,201904,224.9,51,34,36,1.0588235294117647,1.4166666666666667,4.409803921568628,2019-04-01
187,201905,192.8,46,32,34,1.0625,1.3529411764705883,4.191304347826088,2019-05-01
187,201906,250.2,56,35,37,1.0571428571428572,1.5135135135135136,4.4678571428571425,2019-06-01
188,201807,216.0,59,31,33,1.064516129032258,1.7878787878787878,3.6610169491525424,2018-07-01
188,201808,204.6,56,35,35,1.0,1.6,3.6535714285714285,2018-08-01
188,201809,247.2,73,40,45,1.125,1.6222222222222222,3.3863013698630136,2018-09-01
188,201810,203.7,55,32,33,1.03125,1.6666666666666667,3.7036363636363636,2018-10-01
188,201811,213.3,71,41,42,1.024390243902439,1.6904761904761905,3.0042253521126763,2018-11-01
188,201812,261.5,77,42,45,1.0714285714285714,1.711111111111111,3.396103896103896,2018-12-01
188,201901,163.7,46,27,27,1.0,1.7037037037037037,3.558695652173913,2019-01-01
188,201902,250.70000000000002,73,38,40,1.0526315789473684,1.825,3.434246575342466,2019-02-01
188,201903,304.0,86,49,51,1.0408163265306123,1.6862745098039216,3.5348837209302326,2019-03-01
188,201904,290.0,83,46,49,1.065217391304348,1.6938775510204083,3.4939759036144578,2019-04-01
188,201905,273.4,83,42,46,1.0952380952380953,1.8043478260869565,3.2939759036144576,2019-05-01
188,201906,195.3,56,34,34,1.0,1.6470588235294117,3.4875000000000003,2019-06-01
189,201807,130.9,37,33,37,1.121212121212121,1.0,3.537837837837838,2018-07-01
189,201808,123.7,37,25,27,1.08,1.3703703703703705,3.3432432432432435,2018-08-01
189,201809,99.3,29,28,29,1.0357142857142858,1.0,3.424137931034483,2018-09-01
189,201810,127.9,35,32,33,1.03125,1.0606060606060606,3.6542857142857144,2018-10-01
189,201811,87.5,28,27,28,1.037037037037037,1.0,3.125,2018-11-01
189,201812,93.89999999999999,24,24,24,1.0,1.0,3.9124999999999996,2018-12-01
189,201901,107.9,31,28,30,1.0714285714285714,1.0333333333333334,3.480645161290323,2019-01-01
189,201902,75.8,23,22,23,1.0454545454545454,1.0,3.2956521739130435,2019-02-01
189,201903,120.2,32,32,32,1.0,1.0,3.75625,2019-03-01
189,201904,87.7,25,23,24,1.0434782608695652,1.0416666666666667,3.508,2019-04-01
189,201905,124.9,44,32,33,1.03125,1.3333333333333333,2.838636363636364,2019-05-01
189,201906,85.2,25,24,25,1.0416666666666667,1.0,3.408,2019-06-01
190,201807,756.4,216,91,108,1.1868131868131868,2.0,3.5018518518518515,2018-07-01
190,201808,773.5,218,99,115,1.1616161616161615,1.8956521739130434,3.5481651376146788,2018-08-01
190,201809,873.0,250,102,124,1.2156862745098038,2.0161290322580645,3.492,2018-09-01
190,201810,729.2,210,88,104,1.1818181818181819,2.019230769230769,3.4723809523809526,2018-10-01
190,201811,720.2,202,76,99,1.3026315789473684,2.04040404040404,3.5653465346534654,2018-11-01
190,201812,686.8,190,78,95,1.2179487179487178,2.0,3.614736842105263,2018-12-01
190,201901,752.2,222,87,110,1.264367816091954,2.018181818181818,3.3882882882882885,2019-01-01
190,201902,812.4,232,95,115,1.2105263157894737,2.017391304347826,3.5017241379310344,2019-02-01
190,201903,880.6,258,105,126,1.2,2.0476190476190474,3.4131782945736435,2019-03-01
190,201904,717.8,206,88,102,1.1590909090909092,2.019607843137255,3.4844660194174755,2019-04-01
190,201905,900.5,244,99,128,1.292929292929293,1.90625,3.6905737704918034,2019-05-01
190,201906,586.4,170,71,84,1.1830985915492958,2.0238095238095237,3.449411764705882,2019-06-01
191,201807,742.8,212,89,106,1.1910112359550562,2.0,3.50377358490566,2018-07-01
191,201808,808.1,232,94,120,1.2765957446808511,1.9333333333333333,3.483189655172414,2018-08-01
191,201809,750.0,208,87,103,1.1839080459770115,2.0194174757281553,3.605769230769231,2018-09-01
191,201810,753.2,204,76,101,1.3289473684210527,2.01980198019802,3.6921568627450982,2018-10-01
191,201811,797.6,238,98,117,1.1938775510204083,2.034188034188034,3.3512605042016808,2018-11-01
191,201812,810.2,226,88,112,1.2727272727272727,2.017857142857143,3.5849557522123896,2018-12-01
191,201901,784.2,220,90,110,1.2222222222222223,2.0,3.564545454545455,2019-01-01
191,201902,802.2,218,90,107,1.1888888888888889,2.0373831775700935,3.6798165137614682,2019-02-01
191,201903,910.6,256,96,127,1.3229166666666667,2.015748031496063,3.55703125,2019-03-01
191,201904,954.4,270,92,131,1.423913043478261,2.0610687022900764,3.5348148148148146,2019-04-01
191,201905,691.9,200,79,105,1.3291139240506329,1.9047619047619047,3.4595,2019-05-01
191,201906,828.6,218,89,109,1.2247191011235956,2.0,3.800917431192661,2019-06-01
192,201807,34.3,10,8,8,1.0,1.25,3.4299999999999997,2018-07-01
192,201808,36.4,10,6,6,1.0,1.6666666666666667,3.6399999999999997,2018-08-01
192,201809,30.400000000000002,7,5,5,1.0,1.4,4.342857142857143,2018-09-01
192,201810,11.8,5,3,3,1.0,1.6666666666666667,2.3600000000000003,2018-10-01
192,201811,50.4,14,10,10,1.0,1.4,3.6,2018-11-01
192,201812,42.8,12,9,10,1.1111111111111112,1.2,3.5666666666666664,2018-12-01
192,201901,22.7,8,7,7,1.0,1.1428571428571428,2.8375,2019-01-01
192,201902,3.0,1,1,1,1.0,1.0,3.0,2019-02-01
192,201903,18.1,6,4,4,1.0,1.5,3.016666666666667,2019-03-01
192,201904,29.7,8,5,5,1.0,1.6,3.7125,2019-04-01
192,201905,22.9,6,4,4,1.0,1.5,3.8166666666666664,2019-05-01
192,201906,25.0,6,3,3,1.0,2.0,4.166666666666667,2019-06-01
193,201901,1.8,1,1,1,1.0,1.0,1.8,2019-01-01
193,201902,7.6,2,1,1,1.0,2.0,3.8,2019-02-01
193,201906,3.7,1,1,1,1.0,1.0,3.7,2019-06-01
194,201807,1044.8,247,106,126,1.1886792452830188,1.9603174603174602,4.22995951417004,2018-07-01
194,201808,895.75,200,102,110,1.0784313725490196,1.8181818181818181,4.47875,2018-08-01
194,201809,1003.4,228,102,115,1.1274509803921569,1.982608695652174,4.400877192982456,2018-09-01
194,201810,1152.2,262,114,129,1.131578947368421,2.0310077519379846,4.397709923664122,2018-10-01
194,201811,965.8000000000001,228,103,116,1.1262135922330097,1.9655172413793103,4.235964912280702,2018-11-01
194,201812,1187.6,267,113,134,1.1858407079646018,1.992537313432836,4.4479400749063664,2018-12-01
194,201901,1049.6,235,103,118,1.145631067961165,1.9915254237288136,4.466382978723404,2019-01-01
194,201902,876.3,205,90,103,1.1444444444444444,1.9902912621359223,4.274634146341463,2019-02-01
194,201903,1205.9,267,112,134,1.1964285714285714,1.992537313432836,4.516479400749064,2019-03-01
194,201904,756.0,176,77,90,1.1688311688311688,1.9555555555555555,4.295454545454546,2019-04-01
194,201905,994.0,227,104,122,1.1730769230769231,1.860655737704918,4.378854625550661,2019-05-01
194,201906,1221.2,273,117,139,1.188034188034188,1.9640287769784173,4.473260073260073,2019-06-01
195,201807,222.2,65,42,43,1.0238095238095237,1.5116279069767442,3.418461538461538,2018-07-01
195,201808,303.15,91,55,59,1.0727272727272728,1.5423728813559323,3.331318681318681,2018-08-01
195,201809,132.5,37,28,29,1.0357142857142858,1.2758620689655173,3.581081081081081,2018-09-01
195,201810,249.4,68,45,47,1.0444444444444445,1.446808510638298,3.6676470588235297,2018-10-01
195,201811,212.9,60,37,39,1.054054054054054,1.5384615384615385,3.5483333333333333,2018-11-01
195,201812,245.2,69,47,48,1.0212765957446808,1.4375,3.5536231884057967,2018-12-01
195,201901,145.3,45,31,32,1.032258064516129,1.40625,3.228888888888889,2019-01-01
195,201902,167.2,50,31,32,1.032258064516129,1.5625,3.344,2019-02-01
195,201903,178.5,51,35,36,1.0285714285714285,1.4166666666666667,3.5,2019-03-01
195,201904,146.9,43,33,33,1.0,1.303030303030303,3.416279069767442,2019-04-01
195,201905,239.1,74,49,50,1.0204081632653061,1.48,3.231081081081081,2019-05-01
195,201906,165.70000000000002,49,31,34,1.096774193548387,1.4411764705882353,3.381632653061225,2019-06-01
196,201807,828.0,242,88,119,1.3522727272727273,2.033613445378151,3.4214876033057853,2018-07-01
196,201808,737.3,207,87,106,1.2183908045977012,1.9528301886792452,3.5618357487922703,2018-08-01
196,201809,786.4,222,94,110,1.1702127659574468,2.018181818181818,3.542342342342342,2018-09-01
196,201810,785.4,230,93,115,1.2365591397849462,2.0,3.414782608695652,2018-10-01
196,201811,738.6,212,88,104,1.1818181818181819,2.0384615384615383,3.4839622641509433,2018-11-01
196,201812,925.2,260,106,129,1.2169811320754718,2.0155038759689923,3.558461538461539,2018-12-01
196,201901,816.0,228,90,112,1.2444444444444445,2.0357142857142856,3.5789473684210527,2019-01-01
196,201902,663.6,190,74,95,1.2837837837837838,2.0,3.4926315789473685,2019-02-01
196,201903,883.4,236,93,115,1.2365591397849462,2.0521739130434784,3.743220338983051,2019-03-01
196,201904,809.6,222,88,111,1.2613636363636365,2.0,3.646846846846847,2019-04-01
196,201905,865.8,248,94,126,1.3404255319148937,1.9682539682539681,3.491129032258064,2019-05-01
196,201906,734.0,208,79,103,1.3037974683544304,2.0194174757281553,3.5288461538461537,2019-06-01
197,201807,337.6,93,45,49,1.0888888888888888,1.8979591836734695,3.6301075268817207,2018-07-01
197,201808,281.4,82,44,45,1.0227272727272727,1.8222222222222222,3.4317073170731707,2018-08-01
197,201809,263.2,75,37,41,1.1081081081081081,1.829268292682927,3.509333333333333,2018-09-01
197,201810,329.2,93,48,50,1.0416666666666667,1.86,3.539784946236559,2018-10-01
197,201811,266.2,82,41,43,1.048780487804878,1.9069767441860466,3.246341463414634,2018-11-01
197,201812,368.5,101,53,54,1.0188679245283019,1.8703703703703705,3.6485148514851486,2018-12-01
197,201901,315.5,85,46,46,1.0,1.8478260869565217,3.711764705882353,2019-01-01
197,201902,309.1,85,41,47,1.146341463414634,1.8085106382978724,3.6364705882352943,2019-02-01
197,201903,318.1,85,43,45,1.0465116279069768,1.8888888888888888,3.742352941176471,2019-03-01
197,201904,254.0,73,38,40,1.0526315789473684,1.825,3.4794520547945207,2019-04-01
197,201905,252.5,80,44,46,1.0454545454545454,1.7391304347826086,3.15625,2019-05-01
197,201906,343.0,89,46,49,1.065217391304348,1.816326530612245,3.853932584269663,2019-06-01
198,201807,20.3,6,4,4,1.0,1.5,3.3833333333333333,2018-07-01
198,201808,10.7,3,2,2,1.0,1.5,3.5666666666666664,2018-08-01
198,201809,20.7,7,5,5,1.0,1.4,2.957142857142857,2018-09-01
198,201810,26.2,6,3,3,1.0,2.0,4.366666666666666,2018-10-01
198,201811,34.3,8,6,6,1.0,1.3333333333333333,4.2875,2018-11-01
198,201812,13.799999999999999,3,2,2,1.0,1.5,4.6,2018-12-01
198,201901,19.200000000000003,5,3,3,1.0,1.6666666666666667,3.8400000000000007,2019-01-01
198,201902,11.8,4,2,2,1.0,2.0,2.95,2019-02-01
198,201903,19.9,6,4,4,1.0,1.5,3.3166666666666664,2019-03-01
198,201904,21.8,6,5,5,1.0,1.2,3.6333333333333333,2019-04-01
198,201905,28.5,7,6,6,1.0,1.1666666666666667,4.071428571428571,2019-05-01
198,201906,13.8,4,3,3,1.0,1.3333333333333333,3.45,2019-06-01
199,201807,1238.4,281,117,139,1.188034188034188,2.0215827338129495,4.4071174377224205,2018-07-01
199,201808,1169.3,263,119,140,1.1764705882352942,1.8785714285714286,4.4460076045627375,2018-08-01
199,201809,1082.6,249,103,121,1.174757281553398,2.0578512396694215,4.347791164658634,2018-09-01
199,201810,1201.4,266,114,132,1.1578947368421053,2.015151515151515,4.516541353383459,2018-10-01
199,201811,1070.2,248,112,124,1.1071428571428572,2.0,4.315322580645161,2018-11-01
199,201812,1275.2,291,115,144,1.2521739130434784,2.0208333333333335,4.38213058419244,2018-12-01
199,201901,1163.4,268,115,134,1.1652173913043478,2.0,4.3410447761194035,2019-01-01
199,201902,1141.2,262,116,128,1.103448275862069,2.046875,4.355725190839695,2019-02-01
199,201903,1244.6,286,117,142,1.2136752136752136,2.0140845070422535,4.351748251748251,2019-03-01
199,201904,1121.4,252,106,125,1.179245283018868,2.016,4.45,2019-04-01
199,201905,1119.0,257,109,131,1.201834862385321,1.9618320610687023,4.35408560311284,2019-05-01
199,201906,1149.2,259,106,130,1.2264150943396226,1.9923076923076923,4.437065637065637,2019-06-01
200,201807,487.0,114,55,57,1.0363636363636364,2.0,4.271929824561403,2018-07-01
200,201808,650.7,145,68,79,1.161764705882353,1.8354430379746836,4.487586206896552,2018-08-01
200,201809,579.8,134,62,65,1.0483870967741935,2.0615384615384613,4.326865671641791,2018-09-01
200,201810,440.90000000000003,99,48,50,1.0416666666666667,1.98,4.4535353535353535,2018-10-01
200,201811,403.2,92,42,46,1.0952380952380953,2.0,4.3826086956521735,2018-11-01
200,201812,305.4,72,33,36,1.0909090909090908,2.0,4.241666666666666,2018-12-01
200,201901,477.6,109,51,55,1.0784313725490196,1.981818181818182,4.381651376146789,2019-01-01
200,201902,334.6,80,38,40,1.0526315789473684,2.0,4.1825,2019-02-01
200,201903,340.0,77,37,39,1.054054054054054,1.9743589743589745,4.415584415584416,2019-03-01
200,201904,317.6,74,36,37,1.0277777777777777,2.0,4.2918918918918925,2019-04-01
200,201905,367.6,84,41,44,1.0731707317073171,1.9090909090909092,4.376190476190477,2019-05-01
200,201906,524.0,120,58,60,1.0344827586206897,2.0,4.366666666666666,2019-06-01
201,201807,1046.0,241,115,121,1.0521739130434782,1.9917355371900827,4.340248962655601,2018-07-01
201,201808,1057.7,243,107,125,1.1682242990654206,1.944,4.352674897119342,2018-08-01
201,201809,1099.0,252,103,126,1.2233009708737863,2.0,4.361111111111111,2018-09-01
201,201810,1142.6,264,117,133,1.1367521367521367,1.9849624060150375,4.328030303030303,2018-10-01
201,201811,1208.1,272,124,137,1.1048387096774193,1.9854014598540146,4.441544117647059,2018-11-01
201,201812,1110.7,254,113,128,1.1327433628318584,1.984375,4.3728346456692915,2018-12-01
201,201901,1082.5,247,106,124,1.169811320754717,1.9919354838709677,4.382591093117409,2019-01-01
201,201902,1006.6,229,101,115,1.1386138613861385,1.991304347826087,4.395633187772926,2019-02-01
201,201903,1328.5,294,128,148,1.15625,1.9864864864864864,4.5187074829931975,2019-03-01
201,201904,1205.8,282,121,142,1.1735537190082646,1.9859154929577465,4.2758865248226945,2019-04-01
201,201905,1028.5,246,109,128,1.1743119266055047,1.921875,4.180894308943089,2019-05-01
201,201906,1197.3,284,124,143,1.153225806451613,1.986013986013986,4.215845070422535,2019-06-01
202,201807,577.2,132,62,66,1.064516129032258,2.0,4.372727272727273,2018-07-01
202,201808,463.0,108,45,49,1.0888888888888888,2.204081632653061,4.287037037037037,2018-08-01
202,201809,475.6,110,49,55,1.1224489795918366,2.0,4.323636363636364,2018-09-01
202,201810,476.6,114,53,57,1.0754716981132075,2.0,4.180701754385965,2018-10-01
202,201811,451.2,104,49,52,1.0612244897959184,2.0,4.338461538461538,2018-11-01
202,201812,430.6,98,46,49,1.065217391304348,2.0,4.393877551020409,2018-12-01
202,201901,424.4,96,46,48,1.0434782608695652,2.0,4.420833333333333,2019-01-01
202,201902,424.2,100,48,50,1.0416666666666667,2.0,4.242,2019-02-01
202,201903,421.0,98,48,49,1.0208333333333333,2.0,4.295918367346939,2019-03-01
202,201904,448.2,106,50,53,1.06,2.0,4.228301886792453,2019-04-01
202,201905,432.65000000000003,100,45,50,1.1111111111111112,2.0,4.3265,2019-05-01
202,201906,599.2,136,63,68,1.0793650793650793,2.0,4.405882352941177,2019-06-01
203,201807,1215.8,276,111,137,1.2342342342342343,2.0145985401459856,4.405072463768116,2018-07-01
203,201808,1114.8,260,112,136,1.2142857142857142,1.911764705882353,4.287692307692308,2018-08-01
203,201809,1185.2,270,116,134,1.1551724137931034,2.014925373134328,4.3896296296296295,2018-09-01
203,201810,1210.9,277,113,137,1.2123893805309736,2.021897810218978,4.371480144404332,2018-10-01
203,201811,1193.8,270,112,134,1.1964285714285714,2.014925373134328,4.421481481481481,2018-11-01
203,201812,1275.4,286,127,142,1.1181102362204725,2.0140845070422535,4.4594405594405595,2018-12-01
203,201901,1105.2,254,105,125,1.1904761904761905,2.032,4.351181102362205,2019-01-01
203,201902,1072.0,244,112,122,1.0892857142857142,2.0,4.39344262295082,2019-02-01
203,201903,1093.4,248,108,123,1.1388888888888888,2.016260162601626,4.408870967741936,2019-03-01
203,201904,921.6,214,93,107,1.1505376344086022,2.0,4.3065420560747665,2019-04-01
203,201905,1074.3,244,110,131,1.190909090909091,1.8625954198473282,4.402868852459016,2019-05-01
203,201906,1161.0,262,109,131,1.201834862385321,2.0,4.431297709923665,2019-06-01
204,201807,40.400000000000006,11,6,6,1.0,1.8333333333333333,3.6727272727272733,2018-07-01
204,201808,37.3,11,6,6,1.0,1.8333333333333333,3.3909090909090907,2018-08-01
204,201809,57.400000000000006,14,8,8,1.0,1.75,4.1000000000000005,2018-09-01
204,201810,35.4,9,5,5,1.0,1.8,3.933333333333333,2018-10-01
204,201811,44.2,10,5,5,1.0,2.0,4.42,2018-11-01
204,201812,23.200000000000003,5,3,3,1.0,1.6666666666666667,4.640000000000001,2018-12-01
204,201901,29.0,8,4,4,1.0,2.0,3.625,2019-01-01
204,201902,11.4,4,2,2,1.0,2.0,2.85,2019-02-01
204,201903,46.4,13,8,8,1.0,1.625,3.569230769230769,2019-03-01
204,201904,23.200000000000003,6,3,3,1.0,2.0,3.866666666666667,2019-04-01
204,201905,56.0,16,8,8,1.0,2.0,3.5,2019-05-01
204,201906,35.0,10,5,5,1.0,2.0,3.5,2019-06-01
205,201807,295.0,79,46,47,1.0217391304347827,1.6808510638297873,3.7341772151898733,2018-07-01
205,201808,260.5,75,43,44,1.0232558139534884,1.7045454545454546,3.473333333333333,2018-08-01
205,201809,215.5,57,32,35,1.09375,1.6285714285714286,3.780701754385965,2018-09-01
205,201810,274.7,75,42,44,1.0476190476190477,1.7045454545454546,3.6626666666666665,2018-10-01
205,201811,210.8,53,33,34,1.0303030303030303,1.5588235294117647,3.9773584905660377,2018-11-01
205,201812,216.5,58,35,35,1.0,1.6571428571428573,3.7327586206896552,2018-12-01
205,201901,227.3,67,39,41,1.0512820512820513,1.6341463414634145,3.392537313432836,2019-01-01
205,201902,148.6,43,27,27,1.0,1.5925925925925926,3.455813953488372,2019-02-01
205,201903,319.2,90,49,52,1.0612244897959184,1.7307692307692308,3.5466666666666664,2019-03-01
205,201904,191.0,53,29,31,1.0689655172413792,1.7096774193548387,3.6037735849056602,2019-04-01
205,201905,230.9,70,43,46,1.069767441860465,1.5217391304347827,3.2985714285714285,2019-05-01
205,201906,217.0,61,39,39,1.0,1.564102564102564,3.557377049180328,2019-06-01
206,201807,3.0,1,1,1,1.0,1.0,3.0,2018-07-01
206,201904,4.6,1,1,1,1.0,1.0,4.6,2019-04-01
207,201807,870.4,248,96,122,1.2708333333333333,2.0327868852459017,3.509677419354839,2018-07-01
207,201808,781.6,226,92,120,1.3043478260869565,1.8833333333333333,3.458407079646018,2018-08-01
207,201809,731.6,212,87,106,1.2183908045977012,2.0,3.4509433962264153,2018-09-01
207,201810,881.6,246,96,122,1.2708333333333333,2.0163934426229506,3.583739837398374,2018-10-01
207,201811,903.0,250,104,125,1.2019230769230769,2.0,3.612,2018-11-01
207,201812,774.2,222,89,110,1.2359550561797752,2.018181818181818,3.4873873873873875,2018-12-01
207,201901,793.0,228,94,113,1.202127659574468,2.017699115044248,3.4780701754385963,2019-01-01
207,201902,698.0,200,85,99,1.1647058823529413,2.0202020202020203,3.49,2019-02-01
207,201903,838.0,238,97,118,1.2164948453608246,2.016949152542373,3.5210084033613445,2019-03-01
207,201904,806.8,234,91,117,1.2857142857142858,2.0,3.4478632478632476,2019-04-01
207,201905,726.2,207,88,109,1.2386363636363635,1.8990825688073394,3.5082125603864736,2019-05-01
207,201906,845.8,236,96,118,1.2291666666666667,2.0,3.5838983050847455,2019-06-01
208,201807,632.8,184,78,92,1.1794871794871795,2.0,3.4391304347826086,2018-07-01
208,201808,605.45,180,76,95,1.25,1.894736842105263,3.3636111111111116,2018-08-01
208,201809,706.2,198,80,98,1.225,2.020408163265306,3.566666666666667,2018-09-01
208,201810,742.6,204,85,101,1.188235294117647,2.01980198019802,3.6401960784313725,2018-10-01
208,201811,709.2,194,81,97,1.1975308641975309,2.0,3.655670103092784,2018-11-01
208,201812,750.0,222,86,109,1.2674418604651163,2.036697247706422,3.3783783783783785,2018-12-01
208,201901,700.0,204,85,102,1.2,2.0,3.4313725490196076,2019-01-01
208,201902,605.4,166,72,83,1.1527777777777777,2.0,3.646987951807229,2019-02-01
208,201903,750.4,210,84,105,1.25,2.0,3.5733333333333333,2019-03-01
208,201904,669.2,200,84,100,1.1904761904761905,2.0,3.346,2019-04-01
208,201905,979.8,274,102,141,1.3823529411764706,1.9432624113475176,3.575912408759124,2019-05-01
208,201906,775.4,224,92,112,1.2173913043478262,2.0,3.461607142857143,2019-06-01
209,201807,679.4,206,86,102,1.186046511627907,2.019607843137255,3.298058252427184,2018-07-01
209,201808,733.5,203,83,103,1.2409638554216869,1.970873786407767,3.6133004926108376,2018-08-01
209,201809,744.0,208,86,103,1.197674418604651,2.0194174757281553,3.576923076923077,2018-09-01
209,201810,730.4,210,82,105,1.2804878048780488,2.0,3.478095238095238,2018-10-01
209,201811,712.2,198,81,98,1.2098765432098766,2.020408163265306,3.596969696969697,2018-11-01
209,201812,902.4,250,97,124,1.2783505154639174,2.0161290322580645,3.6096,2018-12-01
209,201901,851.4,234,97,115,1.1855670103092784,2.034782608695652,3.6384615384615384,2019-01-01
209,201902,770.6,224,94,109,1.1595744680851063,2.055045871559633,3.4401785714285715,2019-02-01
209,201903,770.8,210,87,104,1.1954022988505748,2.019230769230769,3.6704761904761902,2019-03-01
209,201904,618.6,188,71,93,1.3098591549295775,2.021505376344086,3.290425531914894,2019-04-01
209,201905,699.2,199,90,109,1.211111111111111,1.8256880733944953,3.51356783919598,2019-05-01
209,201906,708.0,206,86,103,1.197674418604651,2.0,3.436893203883495,2019-06-01
210,201807,1088.0,251,107,127,1.1869158878504673,1.9763779527559056,4.334661354581673,2018-07-01
210,201808,963.8000000000001,218,100,117,1.17,1.8632478632478633,4.421100917431193,2018-08-01
210,201809,1015.8,228,98,114,1.163265306122449,2.0,4.455263157894737,2018-09-01
210,201810,1062.4,239,102,121,1.1862745098039216,1.975206611570248,4.445188284518829,2018-10-01
210,201811,1149.0,264,116,132,1.1379310344827587,2.0,4.3522727272727275,2018-11-01
210,201812,1158.5,263,112,132,1.1785714285714286,1.9924242424242424,4.404942965779468,2018-12-01
210,201901,1160.6,264,111,131,1.1801801801801801,2.015267175572519,4.396212121212121,2019-01-01
210,201902,866.3,195,88,98,1.1136363636363635,1.989795918367347,4.442564102564102,2019-02-01
210,201903,1171.9,264,114,132,1.1578947368421053,2.0,4.439015151515152,2019-03-01
210,201904,1126.9,260,114,131,1.1491228070175439,1.984732824427481,4.3342307692307696,2019-04-01
210,201905,1012.65,230,103,125,1.2135922330097086,1.84,4.402826086956521,2019-05-01
210,201906,1138.2,253,112,129,1.1517857142857142,1.9612403100775193,4.498814229249012,2019-06-01
212,201807,606.8,184,74,92,1.2432432432432432,2.0,3.2978260869565217,2018-07-01
212,201808,586.0,169,70,83,1.1857142857142857,2.036144578313253,3.467455621301775,2018-08-01
212,201809,700.6,198,78,98,1.2564102564102564,2.020408163265306,3.5383838383838384,2018-09-01
212,201810,681.6,196,76,96,1.263157894736842,2.0416666666666665,3.477551020408163,2018-10-01
212,201811,666.8,186,78,93,1.1923076923076923,2.0,3.5849462365591394,2018-11-01
212,201812,751.8,218,90,109,1.211111111111111,2.0,3.448623853211009,2018-12-01
212,201901,597.0,170,73,83,1.1369863013698631,2.0481927710843375,3.511764705882353,2019-01-01
212,201902,514.2,150,66,75,1.1363636363636365,2.0,3.4280000000000004,2019-02-01
212,201903,852.4,236,96,116,1.2083333333333333,2.0344827586206895,3.611864406779661,2019-03-01
212,201904,708.4,212,89,106,1.1910112359550562,2.0,3.341509433962264,2019-04-01
212,201905,727.5,204,88,105,1.1931818181818181,1.9428571428571428,3.5661764705882355,2019-05-01
212,201906,688.6,196,76,97,1.2763157894736843,2.020618556701031,3.5132653061224492,2019-06-01
213,201807,1006.4,272,106,135,1.2735849056603774,2.0148148148148146,3.6999999999999997,2018-07-01
213,201808,810.7,225,92,116,1.2608695652173914,1.9396551724137931,3.603111111111111,2018-08-01
213,201809,1029.0,292,119,146,1.226890756302521,2.0,3.5239726027397262,2018-09-01
213,201810,812.0,228,93,114,1.2258064516129032,2.0,3.56140350877193,2018-10-01
213,201811,1122.0,314,121,155,1.28099173553719,2.0258064516129033,3.573248407643312,2018-11-01
213,201812,980.2,278,112,139,1.2410714285714286,2.0,3.5258992805755396,2018-12-01
213,201901,906.0,252,101,126,1.2475247524752475,2.0,3.5952380952380953,2019-01-01
213,201902,969.8,264,108,131,1.212962962962963,2.015267175572519,3.6734848484848484,2019-02-01
213,201903,1039.4,284,111,139,1.2522522522522523,2.0431654676258995,3.6598591549295776,2019-03-01
213,201904,1025.2,288,107,143,1.3364485981308412,2.013986013986014,3.5597222222222222,2019-04-01
213,201905,838.1,232,95,119,1.2526315789473683,1.949579831932773,3.6125000000000003,2019-05-01
213,201906,918.6,262,95,128,1.3473684210526315,2.046875,3.506106870229008,2019-06-01
214,201807,166.9,53,35,37,1.0571428571428572,1.4324324324324325,3.149056603773585,2018-07-01
214,201808,191.8,54,33,36,1.0909090909090908,1.5,3.5518518518518523,2018-08-01
214,201809,205.5,57,41,42,1.024390243902439,1.3571428571428572,3.6052631578947367,2018-09-01
214,201810,168.9,49,28,31,1.1071428571428572,1.5806451612903225,3.4469387755102043,2018-10-01
214,201811,177.7,51,33,34,1.0303030303030303,1.5,3.4843137254901957,2018-11-01
214,201812,259.1,69,41,45,1.0975609756097562,1.5333333333333334,3.755072463768116,2018-12-01
214,201901,220.7,65,43,48,1.1162790697674418,1.3541666666666667,3.3953846153846152,2019-01-01
214,201902,192.0,60,40,42,1.05,1.4285714285714286,3.2,2019-02-01
214,201903,279.4,75,49,51,1.0408163265306123,1.4705882352941178,3.725333333333333,2019-03-01
214,201904,247.5,71,48,49,1.0208333333333333,1.4489795918367347,3.4859154929577465,2019-04-01
214,201905,187.2,55,35,39,1.1142857142857143,1.4102564102564104,3.4036363636363633,2019-05-01
214,201906,221.4,64,44,45,1.0227272727272727,1.4222222222222223,3.459375,2019-06-01
215,201807,354.8,83,38,41,1.0789473684210527,2.024390243902439,4.274698795180723,2018-07-01
215,201808,336.7,77,39,42,1.0769230769230769,1.8333333333333333,4.372727272727273,2018-08-01
215,201809,260.0,59,32,32,1.0,1.84375,4.406779661016949,2018-09-01
215,201810,379.1,90,45,47,1.0444444444444445,1.9148936170212767,4.2122222222222225,2018-10-01
215,201811,415.8,96,45,49,1.0888888888888888,1.9591836734693877,4.33125,2018-11-01
215,201812,391.3,90,47,47,1.0,1.9148936170212767,4.347777777777778,2018-12-01
215,201901,386.7,94,47,48,1.0212765957446808,1.9583333333333333,4.113829787234042,2019-01-01
215,201902,305.2,72,37,39,1.054054054054054,1.8461538461538463,4.238888888888889,2019-02-01
215,201903,355.1,84,38,43,1.131578947368421,1.9534883720930232,4.227380952380953,2019-03-01
215,201904,337.6,76,37,39,1.054054054054054,1.9487179487179487,4.442105263157895,2019-04-01
215,201905,300.0,69,34,38,1.1176470588235294,1.8157894736842106,4.3478260869565215,2019-05-01
215,201906,236.4,54,28,28,1.0,1.9285714285714286,4.377777777777778,2019-06-01
216,201807,1079.4,247,116,135,1.1637931034482758,1.8296296296296297,4.37004048582996,2018-07-01
216,201808,945.7,210,102,116,1.1372549019607843,1.8103448275862069,4.503333333333334,2018-08-01
216,201809,1039.9,232,105,119,1.1333333333333333,1.949579831932773,4.482327586206897,2018-09-01
216,201810,1008.7,225,96,115,1.1979166666666667,1.9565217391304348,4.4831111111111115,2018-10-01
216,201811,924.8000000000001,208,102,110,1.0784313725490196,1.8909090909090909,4.446153846153846,2018-11-01
216,201812,1064.3,244,113,133,1.176991150442478,1.8345864661654134,4.3618852459016395,2018-12-01
216,201901,1048.7,242,119,130,1.0924369747899159,1.8615384615384616,4.333471074380165,2019-01-01
216,201902,980.6,222,99,115,1.1616161616161615,1.9304347826086956,4.417117117117117,2019-02-01
216,201903,1049.0,241,101,125,1.2376237623762376,1.928,4.352697095435684,2019-03-01
216,201904,971.7,224,102,117,1.1470588235294117,1.9145299145299146,4.337946428571429,2019-04-01
216,201905,859.3,201,101,113,1.118811881188119,1.7787610619469028,4.275124378109452,2019-05-01
216,201906,1179.5,265,115,138,1.2,1.9202898550724639,4.450943396226415,2019-06-01
217,201807,1278.8,286,115,143,1.2434782608695651,2.0,4.4713286713286715,2018-07-01
217,201808,1022.1,235,96,119,1.2395833333333333,1.9747899159663866,4.34936170212766,2018-08-01
217,201809,1237.0,284,115,141,1.2260869565217392,2.0141843971631204,4.355633802816901,2018-09-01
217,201810,1032.8,238,102,119,1.1666666666666667,2.0,4.339495798319327,2018-10-01
217,201811,1189.8,272,103,135,1.3106796116504855,2.0148148148148146,4.374264705882353,2018-11-01
217,201812,1033.0,232,101,115,1.1386138613861385,2.017391304347826,4.452586206896552,2018-12-01
217,201901,1079.2,240,106,119,1.1226415094339623,2.0168067226890756,4.496666666666667,2019-01-01
217,201902,882.4,204,89,100,1.1235955056179776,2.04,4.325490196078431,2019-02-01
217,201903,997.4,232,102,116,1.1372549019607843,2.0,4.299137931034482,2019-03-01
217,201904,1079.4,240,100,120,1.2,2.0,4.4975000000000005,2019-04-01
217,201905,1206.0,282,126,145,1.1507936507936507,1.9448275862068964,4.276595744680851,2019-05-01
217,201906,1144.8,260,110,130,1.1818181818181819,2.0,4.403076923076923,2019-06-01
218,201807,26.6,10,5,5,1.0,2.0,2.66,2018-07-01
218,201808,83.9,20,11,11,1.0,1.8181818181818181,4.195,2018-08-01
218,201809,20.0,6,4,4,1.0,1.5,3.3333333333333335,2018-09-01
218,201810,54.6,16,9,9,1.0,1.7777777777777777,3.4125,2018-10-01
218,201811,47.6,13,8,8,1.0,1.625,3.661538461538462,2018-11-01
218,201901,38.2,14,7,7,1.0,2.0,2.7285714285714286,2019-01-01
218,201902,8.8,2,1,1,1.0,2.0,4.4,2019-02-01
218,201903,27.8,7,4,4,1.0,1.75,3.9714285714285715,2019-03-01
218,201904,40.300000000000004,13,7,7,1.0,1.8571428571428572,3.1000000000000005,2019-04-01
218,201905,25.0,7,4,4,1.0,1.75,3.5714285714285716,2019-05-01
218,201906,19.8,6,3,3,1.0,2.0,3.3000000000000003,2019-06-01
219,201807,838.0,246,94,123,1.3085106382978724,2.0,3.4065040650406506,2018-07-01
219,201808,730.1,211,88,109,1.2386363636363635,1.9357798165137614,3.460189573459716,2018-08-01
219,201809,856.0,244,98,120,1.2244897959183674,2.033333333333333,3.5081967213114753,2018-09-01
219,201810,811.6,228,94,114,1.2127659574468086,2.0,3.5596491228070177,2018-10-01
219,201811,562.6,162,63,81,1.2857142857142858,2.0,3.4728395061728397,2018-11-01
219,201812,798.2,240,92,118,1.2826086956521738,2.0338983050847457,3.3258333333333336,2018-12-01
219,201901,783.2,224,90,112,1.2444444444444445,2.0,3.4964285714285714,2019-01-01
219,201902,771.4,228,89,114,1.2808988764044944,2.0,3.3833333333333333,2019-02-01
219,201903,721.4,206,83,102,1.2289156626506024,2.019607843137255,3.5019417475728156,2019-03-01
219,201904,728.2,216,89,108,1.2134831460674158,2.0,3.3712962962962965,2019-04-01
219,201905,792.0,227,97,120,1.2371134020618557,1.8916666666666666,3.488986784140969,2019-05-01
219,201906,715.2,204,82,99,1.2073170731707317,2.0606060606060606,3.505882352941177,2019-06-01
220,201807,227.2,67,44,45,1.0227272727272727,1.488888888888889,3.391044776119403,2018-07-01
220,201808,236.5,60,36,39,1.0833333333333333,1.5384615384615385,3.941666666666667,2018-08-01
220,201809,210.0,62,39,41,1.0512820512820513,1.5121951219512195,3.3870967741935485,2018-09-01
220,201810,265.2,81,55,57,1.0363636363636364,1.4210526315789473,3.274074074074074,2018-10-01
220,201811,280.4,73,48,51,1.0625,1.4313725490196079,3.8410958904109584,2018-11-01
220,201812,222.3,63,46,46,1.0,1.3695652173913044,3.528571428571429,2018-12-01
220,201901,211.70000000000002,59,44,44,1.0,1.3409090909090908,3.5881355932203394,2019-01-01
220,201902,184.6,57,38,38,1.0,1.5,3.23859649122807,2019-02-01
220,201903,259.6,74,49,52,1.0612244897959184,1.4230769230769231,3.5081081081081082,2019-03-01
220,201904,212.0,62,43,44,1.0232558139534884,1.4090909090909092,3.4193548387096775,2019-04-01
220,201905,241.6,74,49,50,1.0204081632653061,1.48,3.264864864864865,2019-05-01
220,201906,245.8,71,43,48,1.1162790697674418,1.4791666666666667,3.4619718309859158,2019-06-01
221,201807,915.5,210,103,124,1.203883495145631,1.6935483870967742,4.359523809523809,2018-07-01
221,201808,880.7,201,106,118,1.1132075471698113,1.7033898305084745,4.381592039800995,2018-08-01
221,201809,686.8000000000001,155,82,91,1.1097560975609757,1.7032967032967032,4.4309677419354845,2018-09-01
221,201810,825.2,190,98,115,1.1734693877551021,1.6521739130434783,4.3431578947368426,2018-10-01
221,201811,879.2,199,97,118,1.2164948453608246,1.6864406779661016,4.418090452261307,2018-11-01
221,201812,873.5,196,97,112,1.1546391752577319,1.75,4.456632653061225,2018-12-01
221,201901,846.1,185,99,109,1.101010101010101,1.6972477064220184,4.573513513513514,2019-01-01
221,201902,696.1,158,84,93,1.1071428571428572,1.6989247311827957,4.4056962025316455,2019-02-01
221,201903,810.9,184,98,109,1.1122448979591837,1.688073394495413,4.407065217391304,2019-03-01
221,201904,785.5,182,95,108,1.1368421052631579,1.6851851851851851,4.315934065934066,2019-04-01
221,201905,758.9,169,90,105,1.1666666666666667,1.6095238095238096,4.4905325443786985,2019-05-01
221,201906,775.6,173,92,108,1.173913043478261,1.6018518518518519,4.483236994219653,2019-06-01
222,201807,887.2,246,102,122,1.196078431372549,2.0163934426229506,3.606504065040651,2018-07-01
222,201808,711.2,193,81,99,1.2222222222222223,1.9494949494949494,3.6849740932642487,2018-08-01
222,201809,857.2,234,87,116,1.3333333333333333,2.0172413793103448,3.6632478632478636,2018-09-01
222,201810,850.4,232,88,115,1.3068181818181819,2.017391304347826,3.6655172413793102,2018-10-01
222,201811,751.8,218,86,108,1.255813953488372,2.0185185185185186,3.448623853211009,2018-11-01
222,201812,737.0,210,82,104,1.2682926829268293,2.019230769230769,3.5095238095238095,2018-12-01
222,201901,713.4,204,85,102,1.2,2.0,3.4970588235294118,2019-01-01
222,201902,707.6,200,85,100,1.1764705882352942,2.0,3.5380000000000003,2019-02-01
222,201903,776.0,226,87,113,1.2988505747126438,2.0,3.433628318584071,2019-03-01
222,201904,747.4,214,87,106,1.2183908045977012,2.018867924528302,3.492523364485981,2019-04-01
222,201905,733.2,209,94,110,1.1702127659574468,1.9,3.5081339712918664,2019-05-01
222,201906,658.8000000000001,182,77,89,1.155844155844156,2.044943820224719,3.6197802197802202,2019-06-01
223,201807,852.4,238,87,116,1.3333333333333333,2.0517241379310347,3.5815126050420165,2018-07-01
223,201808,840.3,252,113,132,1.168141592920354,1.9090909090909092,3.3345238095238092,2018-08-01
223,201809,933.2,266,111,133,1.1981981981981982,2.0,3.5082706766917293,2018-09-01
223,201810,929.0,270,111,135,1.2162162162162162,2.0,3.4407407407407407,2018-10-01
223,201811,907.4,244,102,122,1.196078431372549,2.0,3.7188524590163934,2018-11-01
223,201812,925.4,260,106,130,1.2264150943396226,2.0,3.559230769230769,2018-12-01
223,201901,866.0,248,97,124,1.2783505154639174,2.0,3.4919354838709675,2019-01-01
223,201902,911.2,266,106,131,1.2358490566037736,2.030534351145038,3.425563909774436,2019-02-01
223,201903,804.8,238,95,119,1.2526315789473683,2.0,3.381512605042017,2019-03-01
223,201904,884.2,256,102,128,1.2549019607843137,2.0,3.45390625,2019-04-01
223,201905,793.35,214,91,114,1.2527472527472527,1.8771929824561404,3.7072429906542057,2019-05-01
223,201906,858.4,246,99,123,1.2424242424242424,2.0,3.489430894308943,2019-06-01
224,201807,9.0,3,2,2,1.0,1.5,3.0,2018-07-01
224,201808,44.5,12,7,7,1.0,1.7142857142857142,3.7083333333333335,2018-08-01
224,201809,11.8,4,2,2,1.0,2.0,2.95,2018-09-01
224,201810,35.9,11,7,7,1.0,1.5714285714285714,3.2636363636363637,2018-10-01
224,201811,33.6,10,5,5,1.0,2.0,3.3600000000000003,2018-11-01
224,201812,20.5,8,5,5,1.0,1.6,2.5625,2018-12-01
224,201901,25.3,9,5,5,1.0,1.8,2.8111111111111113,2019-01-01
224,201902,7.4,2,1,1,1.0,2.0,3.7,2019-02-01
224,201903,39.7,12,9,9,1.0,1.3333333333333333,3.3083333333333336,2019-03-01
224,201904,40.3,11,6,6,1.0,1.8333333333333333,3.6636363636363636,2019-04-01
224,201905,62.800000000000004,16,9,9,1.0,1.7777777777777777,3.9250000000000003,2019-05-01
224,201906,50.4,14,7,7,1.0,2.0,3.6,2019-06-01
225,201807,794.8000000000001,230,94,115,1.2234042553191489,2.0,3.4556521739130437,2018-07-01
225,201808,788.6,222,90,111,1.2333333333333334,2.0,3.552252252252252,2018-08-01
225,201809,879.0,254,102,126,1.2352941176470589,2.015873015873016,3.4606299212598426,2018-09-01
225,201810,793.8,234,96,116,1.2083333333333333,2.0172413793103448,3.3923076923076922,2018-10-01
225,201811,770.6,216,94,107,1.1382978723404256,2.0186915887850465,3.5675925925925926,2018-11-01
225,201812,778.0,226,89,112,1.2584269662921348,2.017857142857143,3.4424778761061945,2018-12-01
225,201901,746.8,214,84,105,1.25,2.038095238095238,3.489719626168224,2019-01-01
225,201902,728.4,210,85,103,1.2117647058823529,2.0388349514563107,3.4685714285714284,2019-02-01
225,201903,802.2,242,102,119,1.1666666666666667,2.033613445378151,3.3148760330578515,2019-03-01
225,201904,974.0,290,109,142,1.3027522935779816,2.0422535211267605,3.3586206896551722,2019-04-01
225,201905,862.8,237,102,122,1.196078431372549,1.9426229508196722,3.640506329113924,2019-05-01
225,201906,842.8,236,91,118,1.2967032967032968,2.0,3.571186440677966,2019-06-01
226,201807,1398.6,320,130,160,1.2307692307692308,2.0,4.3706249999999995,2018-07-01
226,201808,1169.25,276,124,144,1.1612903225806452,1.9166666666666667,4.236413043478261,2018-08-01
226,201809,1288.0,292,123,146,1.1869918699186992,2.0,4.410958904109589,2018-09-01
226,201810,1468.0,338,136,168,1.2352941176470589,2.011904761904762,4.34319526627219,2018-10-01
226,201811,1531.2,356,137,177,1.2919708029197081,2.0112994350282487,4.301123595505618,2018-11-01
226,201812,1557.6,357,144,178,1.2361111111111112,2.00561797752809,4.363025210084033,2018-12-01
226,201901,1245.1,293,121,144,1.1900826446280992,2.0347222222222223,4.249488054607508,2019-01-01
226,201902,1191.8,274,107,137,1.280373831775701,2.0,4.34963503649635,2019-02-01
226,201903,1398.4,306,124,153,1.2338709677419355,2.0,4.5699346405228765,2019-03-01
226,201904,1392.6,326,133,161,1.2105263157894737,2.0248447204968945,4.271779141104294,2019-04-01
226,201905,1449.3,325,137,172,1.2554744525547445,1.8895348837209303,4.459384615384615,2019-05-01
226,201906,1454.8,330,137,165,1.2043795620437956,2.0,4.408484848484848,2019-06-01
227,201807,839.4,242,95,120,1.263157894736842,2.0166666666666666,3.468595041322314,2018-07-01
227,201808,810.8,225,88,118,1.3409090909090908,1.9067796610169492,3.6035555555555554,2018-08-01
227,201809,716.4,210,91,104,1.1428571428571428,2.019230769230769,3.4114285714285715,2018-09-01
227,201810,954.4,270,104,134,1.2884615384615385,2.014925373134328,3.5348148148148146,2018-10-01
227,201811,826.8,236,91,116,1.2747252747252746,2.0344827586206895,3.5033898305084743,2018-11-01
227,201812,772.6,212,87,103,1.1839080459770115,2.058252427184466,3.6443396226415095,2018-12-01
227,201901,900.6,254,105,127,1.2095238095238094,2.0,3.5456692913385828,2019-01-01
227,201902,734.4,214,84,105,1.25,2.038095238095238,3.4317757009345793,2019-02-01
227,201903,930.6,262,110,129,1.1727272727272726,2.0310077519379846,3.551908396946565,2019-03-01
227,201904,767.2,220,92,108,1.173913043478261,2.037037037037037,3.4872727272727273,2019-04-01
227,201905,779.3,228,90,117,1.3,1.9487179487179487,3.4179824561403507,2019-05-01
227,201906,725.4,218,85,105,1.2352941176470589,2.0761904761904764,3.3275229357798164,2019-06-01
228,201807,326.8,76,37,39,1.054054054054054,1.9487179487179487,4.3,2018-07-01
228,201808,261.1,57,29,30,1.0344827586206897,1.9,4.580701754385966,2018-08-01
228,201809,351.9,85,43,44,1.0232558139534884,1.9318181818181819,4.14,2018-09-01
228,201810,349.0,81,39,42,1.0769230769230769,1.9285714285714286,4.308641975308642,2018-10-01
228,201811,419.3,95,46,50,1.0869565217391304,1.9,4.413684210526316,2018-11-01
228,201812,383.8,83,39,42,1.0769230769230769,1.9761904761904763,4.624096385542169,2018-12-01
228,201901,231.5,53,27,27,1.0,1.962962962962963,4.367924528301887,2019-01-01
228,201902,298.4,66,32,33,1.03125,2.0,4.521212121212121,2019-02-01
228,201903,394.6,91,46,46,1.0,1.9782608695652173,4.336263736263737,2019-03-01
228,201904,386.7,88,43,45,1.0465116279069768,1.9555555555555555,4.394318181818182,2019-04-01
228,201905,267.2,65,36,36,1.0,1.8055555555555556,4.110769230769231,2019-05-01
228,201906,321.2,72,35,37,1.0571428571428572,1.945945945945946,4.461111111111111,2019-06-01
229,201807,805.4,226,97,113,1.1649484536082475,2.0,3.563716814159292,2018-07-01
229,201808,691.3,203,90,106,1.1777777777777778,1.9150943396226414,3.4054187192118226,2018-08-01
229,201809,831.6,238,93,117,1.2580645161290323,2.034188034188034,3.4941176470588236,2018-09-01
229,201810,771.8,230,92,115,1.25,2.0,3.355652173913043,2018-10-01
229,201811,730.0,212,85,106,1.2470588235294118,2.0,3.443396226415094,2018-11-01
229,201812,841.4,236,90,116,1.288888888888889,2.0344827586206895,3.5652542372881353,2018-12-01
229,201901,716.6,210,85,105,1.2352941176470589,2.0,3.4123809523809525,2019-01-01
229,201902,800.8000000000001,226,96,112,1.1666666666666667,2.017857142857143,3.543362831858407,2019-02-01
229,201903,952.0,276,106,138,1.3018867924528301,2.0,3.449275362318841,2019-03-01
229,201904,838.0,234,94,115,1.2234042553191489,2.034782608695652,3.5811965811965814,2019-04-01
229,201905,768.1,221,88,114,1.2954545454545454,1.9385964912280702,3.4755656108597286,2019-05-01
229,201906,809.6,222,89,110,1.2359550561797752,2.018181818181818,3.646846846846847,2019-06-01
230,201807,912.2,270,109,135,1.238532110091743,2.0,3.3785185185185185,2018-07-01
230,201808,960.9,266,109,144,1.3211009174311927,1.8472222222222223,3.612406015037594,2018-08-01
230,201809,850.5,245,92,122,1.326086956521739,2.0081967213114753,3.4714285714285715,2018-09-01
230,201810,893.4,256,102,127,1.2450980392156863,2.015748031496063,3.48984375,2018-10-01
230,201811,857.0,236,94,118,1.2553191489361701,2.0,3.6313559322033897,2018-11-01
230,201812,968.2,270,113,134,1.1858407079646018,2.014925373134328,3.585925925925926,2018-12-01
230,201901,1021.2,270,101,134,1.3267326732673268,2.014925373134328,3.7822222222222224,2019-01-01
230,201902,1059.8,294,114,146,1.280701754385965,2.0136986301369864,3.6047619047619044,2019-02-01
230,201903,885.6,256,107,128,1.1962616822429906,2.0,3.459375,2019-03-01
230,201904,977.6,278,106,138,1.3018867924528301,2.0144927536231885,3.516546762589928,2019-04-01
230,201905,1016.4,276,107,133,1.2429906542056075,2.075187969924812,3.6826086956521737,2019-05-01
230,201906,989.0,280,110,140,1.2727272727272727,2.0,3.532142857142857,2019-06-01
231,201807,1020.9,226,104,114,1.0961538461538463,1.9824561403508771,4.517256637168141,2018-07-01
231,201808,913.8000000000001,207,94,109,1.1595744680851063,1.8990825688073394,4.414492753623189,2018-08-01
231,201809,1059.0,242,103,121,1.174757281553398,2.0,4.37603305785124,2018-09-01
231,201810,1099.0,253,115,127,1.1043478260869566,1.9921259842519685,4.3438735177865615,2018-10-01
231,201811,970.6,226,94,112,1.1914893617021276,2.017857142857143,4.294690265486726,2018-11-01
231,201812,1102.6,252,111,125,1.1261261261261262,2.016,4.375396825396825,2018-12-01
231,201901,962.0,222,102,111,1.088235294117647,2.0,4.333333333333333,2019-01-01
231,201902,1072.2,242,101,119,1.1782178217821782,2.033613445378151,4.4305785123966945,2019-02-01
231,201903,1149.0,266,113,133,1.176991150442478,2.0,4.319548872180451,2019-03-01
231,201904,943.0,213,95,107,1.1263157894736842,1.9906542056074767,4.427230046948357,2019-04-01
231,201905,929.8000000000001,214,97,112,1.1546391752577319,1.9107142857142858,4.3448598130841125,2019-05-01
231,201906,942.8000000000001,214,99,108,1.0909090909090908,1.9814814814814814,4.405607476635514,2019-06-01
232,201807,947.9,261,96,128,1.3333333333333333,2.0390625,3.6318007662835248,2018-07-01
232,201808,687.2,203,86,105,1.2209302325581395,1.9333333333333333,3.3852216748768473,2018-08-01
232,201809,885.4,246,93,122,1.3118279569892473,2.0163934426229506,3.5991869918699186,2018-09-01
232,201810,853.2,240,99,120,1.2121212121212122,2.0,3.555,2018-10-01
232,201811,892.0,252,101,124,1.2277227722772277,2.032258064516129,3.5396825396825395,2018-11-01
232,201812,937.6,268,108,133,1.2314814814814814,2.0150375939849625,3.4985074626865673,2018-12-01
232,201901,745.8,208,92,103,1.1195652173913044,2.0194174757281553,3.585576923076923,2019-01-01
232,201902,829.4,242,100,120,1.2,2.0166666666666666,3.4272727272727272,2019-02-01
232,201903,763.2,220,87,109,1.2528735632183907,2.018348623853211,3.4690909090909092,2019-03-01
232,201904,699.6,198,77,99,1.2857142857142858,2.0,3.5333333333333337,2019-04-01
232,201905,846.2,237,97,125,1.288659793814433,1.896,3.5704641350210973,2019-05-01
232,201906,622.8,182,76,91,1.1973684210526316,2.0,3.421978021978022,2019-06-01
233,201807,271.2,79,47,49,1.0425531914893618,1.6122448979591837,3.432911392405063,2018-07-01
233,201808,260.7,72,44,45,1.0227272727272727,1.6,3.620833333333333,2018-08-01
233,201809,220.9,68,40,43,1.075,1.5813953488372092,3.248529411764706,2018-09-01
233,201810,159.3,48,32,32,1.0,1.5,3.31875,2018-10-01
233,201811,206.5,61,39,40,1.0256410256410255,1.525,3.3852459016393444,2018-11-01
233,201812,265.4,70,43,45,1.0465116279069768,1.5555555555555556,3.791428571428571,2018-12-01
233,201901,150.5,41,31,31,1.0,1.3225806451612903,3.6707317073170733,2019-01-01
233,201902,220.7,64,42,43,1.0238095238095237,1.4883720930232558,3.4484375,2019-02-01
233,201903,180.6,52,35,36,1.0285714285714285,1.4444444444444444,3.473076923076923,2019-03-01
233,201904,144.2,41,27,28,1.037037037037037,1.4642857142857142,3.517073170731707,2019-04-01
233,201905,312.1,83,54,56,1.037037037037037,1.4821428571428572,3.760240963855422,2019-05-01
233,201906,197.0,52,34,34,1.0,1.5294117647058822,3.7884615384615383,2019-06-01
234,201807,413.8,96,46,50,1.0869565217391304,1.92,4.310416666666667,2018-07-01
234,201808,318.1,70,36,37,1.0277777777777777,1.8918918918918919,4.5442857142857145,2018-08-01
234,201809,415.4,97,49,50,1.0204081632653061,1.94,4.282474226804124,2018-09-01
234,201810,271.9,64,33,33,1.0,1.9393939393939394,4.2484375,2018-10-01
234,201811,371.7,82,40,42,1.05,1.9523809523809523,4.532926829268293,2018-11-01
234,201812,479.9,111,54,58,1.0740740740740742,1.9137931034482758,4.3234234234234235,2018-12-01
234,201901,316.7,71,36,36,1.0,1.9722222222222223,4.46056338028169,2019-01-01
234,201902,321.7,74,36,38,1.0555555555555556,1.9473684210526316,4.347297297297297,2019-02-01
234,201903,425.4,96,46,49,1.065217391304348,1.9591836734693877,4.4312499999999995,2019-03-01
234,201904,447.8,104,49,53,1.0816326530612246,1.9622641509433962,4.305769230769231,2019-04-01
234,201905,415.7,95,48,51,1.0625,1.8627450980392157,4.37578947368421,2019-05-01
234,201906,300.0,69,35,36,1.0285714285714285,1.9166666666666667,4.3478260869565215,2019-06-01
235,201807,502.8,110,54,55,1.0185185185185186,2.0,4.570909090909091,2018-07-01
235,201808,401.85,94,44,50,1.1363636363636365,1.88,4.275,2018-08-01
235,201809,379.8,86,39,43,1.1025641025641026,2.0,4.416279069767442,2018-09-01
235,201810,466.40000000000003,106,52,53,1.0192307692307692,2.0,4.4,2018-10-01
235,201811,375.6,86,42,43,1.0238095238095237,2.0,4.367441860465116,2018-11-01
235,201812,513.8000000000001,118,55,59,1.0727272727272728,2.0,4.354237288135594,2018-12-01
235,201901,506.2,116,54,58,1.0740740740740742,2.0,4.363793103448276,2019-01-01
235,201902,429.40000000000003,94,45,47,1.0444444444444445,2.0,4.568085106382979,2019-02-01
235,201903,533.4,122,56,61,1.0892857142857142,2.0,4.372131147540983,2019-03-01
235,201904,366.40000000000003,82,39,40,1.0256410256410255,2.05,4.46829268292683,2019-04-01
235,201905,467.3,104,52,55,1.0576923076923077,1.8909090909090909,4.493269230769231,2019-05-01
235,201906,407.8,96,48,48,1.0,2.0,4.247916666666667,2019-06-01
236,201807,885.4,246,95,121,1.2736842105263158,2.0330578512396693,3.5991869918699186,2018-07-01
236,201808,906.0,262,102,133,1.303921568627451,1.9699248120300752,3.4580152671755724,2018-08-01
236,201809,800.8,224,91,112,1.2307692307692308,2.0,3.5749999999999997,2018-09-01
236,201810,781.2,216,86,108,1.255813953488372,2.0,3.6166666666666667,2018-10-01
236,201811,647.8,192,71,96,1.352112676056338,2.0,3.373958333333333,2018-11-01
236,201812,875.2,252,96,125,1.3020833333333333,2.016,3.473015873015873,2018-12-01
236,201901,798.4,220,93,109,1.1720430107526882,2.018348623853211,3.629090909090909,2019-01-01
236,201902,846.6,254,98,127,1.2959183673469388,2.0,3.3330708661417323,2019-02-01
236,201903,829.0,228,98,114,1.163265306122449,2.0,3.6359649122807016,2019-03-01
236,201904,787.0,216,85,107,1.2588235294117647,2.0186915887850465,3.6435185185185186,2019-04-01
236,201905,872.9,242,102,128,1.2549019607843137,1.890625,3.6070247933884296,2019-05-01
236,201906,739.8,216,88,108,1.2272727272727273,2.0,3.425,2019-06-01
237,201807,1387.2,312,125,156,1.248,2.0,4.446153846153846,2018-07-01
237,201808,1321.9,304,132,160,1.2121212121212122,1.9,4.348355263157895,2018-08-01
237,201809,1250.8,285,120,142,1.1833333333333333,2.007042253521127,4.3887719298245615,2018-09-01
237,201810,1287.1,287,118,141,1.194915254237288,2.0354609929078014,4.484668989547038,2018-10-01
237,201811,1316.0,304,125,153,1.224,1.9869281045751634,4.328947368421052,2018-11-01
237,201812,1234.4,283,121,141,1.165289256198347,2.00709219858156,4.361837455830389,2018-12-01
237,201901,1117.7,257,111,129,1.162162162162162,1.9922480620155039,4.349027237354086,2019-01-01
237,201902,1313.0,296,119,148,1.2436974789915967,2.0,4.4358108108108105,2019-02-01
237,201903,1177.6,268,116,131,1.1293103448275863,2.045801526717557,4.394029850746269,2019-03-01
237,201904,1153.6,262,116,130,1.1206896551724137,2.0153846153846153,4.403053435114503,2019-04-01
237,201905,1127.9,258,122,141,1.1557377049180328,1.8297872340425532,4.3717054263565895,2019-05-01
237,201906,1143.4,260,118,130,1.1016949152542372,2.0,4.397692307692308,2019-06-01
238,201807,1014.9,237,108,120,1.1111111111111112,1.975,4.282278481012658,2018-07-01
238,201808,1200.9,275,120,143,1.1916666666666667,1.9230769230769231,4.3669090909090915,2018-08-01
238,201809,1202.4,276,117,137,1.170940170940171,2.0145985401459856,4.356521739130435,2018-09-01
238,201810,942.4,211,91,107,1.1758241758241759,1.97196261682243,4.466350710900474,2018-10-01
238,201811,1166.6,267,115,135,1.173913043478261,1.9777777777777779,4.369288389513108,2018-11-01
238,201812,1066.8,248,108,123,1.1388888888888888,2.016260162601626,4.301612903225807,2018-12-01
238,201901,1184.3,266,114,131,1.1491228070175439,2.030534351145038,4.452255639097745,2019-01-01
238,201902,947.0,222,98,111,1.1326530612244898,2.0,4.2657657657657655,2019-02-01
238,201903,909.1,207,87,104,1.1954022988505748,1.9903846153846154,4.391787439613527,2019-03-01
238,201904,1080.0,248,104,126,1.2115384615384615,1.9682539682539681,4.354838709677419,2019-04-01
238,201905,1199.6,271,113,137,1.2123893805309736,1.9781021897810218,4.426568265682657,2019-05-01
238,201906,1029.4,234,98,119,1.2142857142857142,1.9663865546218486,4.3991452991452995,2019-06-01
239,201807,347.5,79,40,42,1.05,1.880952380952381,4.39873417721519,2018-07-01
239,201808,296.9,66,33,36,1.0909090909090908,1.8333333333333333,4.498484848484848,2018-08-01
239,201809,338.3,75,36,39,1.0833333333333333,1.9230769230769231,4.510666666666666,2018-09-01
239,201810,300.0,70,37,38,1.027027027027027,1.8421052631578947,4.285714285714286,2018-10-01
239,201811,250.4,57,28,31,1.1071428571428572,1.8387096774193548,4.392982456140351,2018-11-01
239,201812,313.2,72,37,38,1.027027027027027,1.894736842105263,4.35,2018-12-01
239,201901,395.7,93,46,49,1.065217391304348,1.8979591836734695,4.254838709677419,2019-01-01
239,201902,353.9,81,39,41,1.0512820512820513,1.975609756097561,4.369135802469136,2019-02-01
239,201903,300.3,70,36,36,1.0,1.9444444444444444,4.29,2019-03-01
239,201904,257.6,55,30,30,1.0,1.8333333333333333,4.6836363636363645,2019-04-01
239,201905,336.15,77,39,41,1.0512820512820513,1.8780487804878048,4.365584415584415,2019-05-01
239,201906,321.5,70,37,38,1.027027027027027,1.8421052631578947,4.5928571428571425,2019-06-01
240,201807,381.3,91,41,46,1.1219512195121952,1.9782608695652173,4.19010989010989,2018-07-01
240,201808,314.6,70,37,38,1.027027027027027,1.8421052631578947,4.494285714285715,2018-08-01
240,201809,455.5,100,49,51,1.0408163265306123,1.9607843137254901,4.555,2018-09-01
240,201810,374.1,84,41,43,1.048780487804878,1.9534883720930232,4.453571428571429,2018-10-01
240,201811,401.3,93,45,47,1.0444444444444445,1.9787234042553192,4.315053763440861,2018-11-01
240,201812,315.9,68,34,35,1.0294117647058822,1.9428571428571428,4.645588235294118,2018-12-01
240,201901,363.8,84,40,44,1.1,1.9090909090909092,4.330952380952381,2019-01-01
240,201902,238.20000000000002,54,27,27,1.0,2.0,4.411111111111111,2019-02-01
240,201903,434.0,101,52,54,1.0384615384615385,1.8703703703703705,4.297029702970297,2019-03-01
240,201904,351.9,78,39,40,1.0256410256410255,1.95,4.5115384615384615,2019-04-01
240,201905,378.90000000000003,85,43,45,1.0465116279069768,1.8888888888888888,4.45764705882353,2019-05-01
240,201906,345.1,81,38,42,1.105263157894737,1.9285714285714286,4.260493827160494,2019-06-01
241,201807,796.4,228,87,114,1.3103448275862069,2.0,3.492982456140351,2018-07-01
241,201808,658.1,200,85,100,1.1764705882352942,2.0,3.2905,2018-08-01
241,201809,771.0,220,85,110,1.2941176470588236,2.0,3.5045454545454544,2018-09-01
241,201810,884.0,242,97,121,1.2474226804123711,2.0,3.652892561983471,2018-10-01
241,201811,584.8,166,73,83,1.1369863013698631,2.0,3.52289156626506,2018-11-01
241,201812,763.4,212,84,105,1.25,2.019047619047619,3.600943396226415,2018-12-01
241,201901,794.2,222,85,111,1.3058823529411765,2.0,3.5774774774774776,2019-01-01
241,201902,565.2,164,72,82,1.1388888888888888,2.0,3.4463414634146345,2019-02-01
241,201903,779.6,232,96,116,1.2083333333333333,2.0,3.360344827586207,2019-03-01
241,201904,695.4,198,80,99,1.2375,2.0,3.512121212121212,2019-04-01
241,201905,651.0,186,87,102,1.1724137931034482,1.8235294117647058,3.5,2019-05-01
241,201906,786.8,224,82,111,1.353658536585366,2.018018018018018,3.5124999999999997,2019-06-01
242,201807,429.6,98,48,49,1.0208333333333333,2.0,4.383673469387755,2018-07-01
242,201808,426.2,99,46,53,1.1521739130434783,1.8679245283018868,4.305050505050505,2018-08-01
242,201809,463.0,106,50,53,1.06,2.0,4.367924528301887,2018-09-01
242,201810,496.6,114,51,57,1.1176470588235294,2.0,4.356140350877193,2018-10-01
242,201811,511.6,118,56,59,1.0535714285714286,2.0,4.335593220338983,2018-11-01
242,201812,457.4,106,50,52,1.04,2.0384615384615383,4.315094339622641,2018-12-01
242,201901,506.2,116,54,58,1.0740740740740742,2.0,4.363793103448276,2019-01-01
242,201902,445.1,101,46,51,1.108695652173913,1.9803921568627452,4.406930693069307,2019-02-01
242,201903,544.7,121,59,61,1.0338983050847457,1.9836065573770492,4.501652892561983,2019-03-01
242,201904,423.6,92,45,46,1.0222222222222221,2.0,4.604347826086957,2019-04-01
242,201905,386.7,88,41,43,1.048780487804878,2.046511627906977,4.394318181818182,2019-05-01
242,201906,455.8,106,48,53,1.1041666666666667,2.0,4.3,2019-06-01
243,201807,322.8,91,44,46,1.0454545454545454,1.9782608695652173,3.5472527472527475,2018-07-01
243,201808,353.8,97,50,53,1.06,1.830188679245283,3.647422680412371,2018-08-01
243,201809,365.7,100,45,51,1.1333333333333333,1.9607843137254901,3.657,2018-09-01
243,201810,345.2,98,46,49,1.065217391304348,2.0,3.522448979591837,2018-10-01
243,201811,375.8,110,52,55,1.0576923076923077,2.0,3.4163636363636365,2018-11-01
243,201812,370.9,108,55,56,1.018181818181818,1.9285714285714286,3.434259259259259,2018-12-01
243,201901,367.4,113,54,57,1.0555555555555556,1.9824561403508771,3.2513274336283184,2019-01-01
243,201902,376.6,98,48,49,1.0208333333333333,2.0,3.842857142857143,2019-02-01
243,201903,418.4,111,52,56,1.0769230769230769,1.9821428571428572,3.769369369369369,2019-03-01
243,201904,359.5,101,50,51,1.02,1.9803921568627452,3.5594059405940595,2019-04-01
243,201905,364.2,99,55,57,1.0363636363636364,1.736842105263158,3.6787878787878787,2019-05-01
243,201906,293.1,76,39,39,1.0,1.9487179487179487,3.8565789473684213,2019-06-01
244,201807,15.3,4,3,3,1.0,1.3333333333333333,3.825,2018-07-01
244,201808,32.8,10,6,6,1.0,1.6666666666666667,3.28,2018-08-01
244,201809,32.4,10,6,6,1.0,1.6666666666666667,3.2399999999999998,2018-09-01
244,201810,42.5,11,7,7,1.0,1.5714285714285714,3.8636363636363638,2018-10-01
244,201811,11.3,4,3,3,1.0,1.3333333333333333,2.825,2018-11-01
244,201812,3.0,1,1,1,1.0,1.0,3.0,2018-12-01
244,201901,39.3,9,4,4,1.0,2.25,4.366666666666666,2019-01-01
244,201902,6.0,2,1,1,1.0,2.0,3.0,2019-02-01
244,201903,17.6,6,4,4,1.0,1.5,2.9333333333333336,2019-03-01
244,201904,27.2,8,4,4,1.0,2.0,3.4,2019-04-01
244,201905,21.25,6,4,4,1.0,1.5,3.5416666666666665,2019-05-01
244,201906,64.1,17,10,10,1.0,1.7,3.770588235294117,2019-06-01
245,201807,375.2,83,41,43,1.048780487804878,1.930232558139535,4.5204819277108435,2018-07-01
245,201808,330.8,75,39,41,1.0512820512820513,1.829268292682927,4.410666666666667,2018-08-01
245,201809,330.40000000000003,77,39,41,1.0512820512820513,1.8780487804878048,4.290909090909091,2018-09-01
245,201810,240.3,54,24,29,1.2083333333333333,1.8620689655172413,4.45,2018-10-01
245,201811,474.7,111,52,57,1.0961538461538463,1.9473684210526316,4.276576576576576,2018-11-01
245,201812,284.0,62,30,32,1.0666666666666667,1.9375,4.580645161290323,2018-12-01
245,201901,325.1,76,39,41,1.0512820512820513,1.853658536585366,4.277631578947369,2019-01-01
245,201902,295.4,68,33,35,1.0606060606060606,1.9428571428571428,4.344117647058823,2019-02-01
245,201903,444.3,105,52,54,1.0384615384615385,1.9444444444444444,4.231428571428571,2019-03-01
245,201904,291.7,65,33,34,1.0303030303030303,1.911764705882353,4.487692307692307,2019-04-01
245,201905,322.7,70,35,36,1.0285714285714285,1.9444444444444444,4.609999999999999,2019-05-01
245,201906,387.0,87,45,46,1.0222222222222221,1.891304347826087,4.448275862068965,2019-06-01
246,201807,393.2,86,40,43,1.075,2.0,4.572093023255814,2018-07-01
246,201808,412.8,90,43,50,1.1627906976744187,1.8,4.586666666666667,2018-08-01
246,201809,498.0,108,48,54,1.125,2.0,4.611111111111111,2018-09-01
246,201810,543.6,120,55,59,1.0727272727272728,2.0338983050847457,4.53,2018-10-01
246,201811,481.8,108,52,54,1.0384615384615385,2.0,4.461111111111111,2018-11-01
246,201812,608.0,140,66,69,1.0454545454545454,2.028985507246377,4.3428571428571425,2018-12-01
246,201901,448.8,104,48,51,1.0625,2.0392156862745097,4.315384615384615,2019-01-01
246,201902,488.6,114,55,57,1.0363636363636364,2.0,4.2859649122807015,2019-02-01
246,201903,490.0,110,51,55,1.0784313725490196,2.0,4.454545454545454,2019-03-01
246,201904,497.2,112,52,56,1.0769230769230769,2.0,4.439285714285714,2019-04-01
246,201905,389.7,90,41,47,1.146341463414634,1.9148936170212767,4.33,2019-05-01
246,201906,411.8,94,44,47,1.0681818181818181,2.0,4.3808510638297875,2019-06-01
247,201807,804.0,234,93,116,1.2473118279569892,2.0172413793103448,3.4358974358974357,2018-07-01
247,201808,738.3,212,92,114,1.2391304347826086,1.8596491228070176,3.4825471698113204,2018-08-01
247,201809,781.6,222,89,110,1.2359550561797752,2.018181818181818,3.5207207207207207,2018-09-01
247,201810,899.4,258,94,128,1.3617021276595744,2.015625,3.4860465116279067,2018-10-01
247,201811,748.6,220,87,110,1.264367816091954,2.0,3.402727272727273,2018-11-01
247,201812,747.0,224,90,111,1.2333333333333334,2.018018018018018,3.3348214285714284,2018-12-01
247,201901,874.0,250,101,125,1.2376237623762376,2.0,3.496,2019-01-01
247,201902,883.2,244,95,122,1.2842105263157895,2.0,3.6196721311475413,2019-02-01
247,201903,859.4,244,103,121,1.174757281553398,2.0165289256198347,3.5221311475409833,2019-03-01
247,201904,956.6,276,103,137,1.3300970873786409,2.0145985401459856,3.4659420289855074,2019-04-01
247,201905,858.0,250,98,128,1.3061224489795917,1.953125,3.432,2019-05-01
247,201906,827.4,244,101,121,1.198019801980198,2.0165289256198347,3.390983606557377,2019-06-01
248,201807,381.0,107,55,58,1.0545454545454545,1.8448275862068966,3.560747663551402,2018-07-01
248,201808,321.7,93,53,56,1.0566037735849056,1.6607142857142858,3.4591397849462364,2018-08-01
248,201809,457.90000000000003,116,58,62,1.0689655172413792,1.8709677419354838,3.9474137931034488,2018-09-01
248,201810,270.1,75,37,39,1.054054054054054,1.9230769230769231,3.6013333333333337,2018-10-01
248,201811,345.5,97,49,51,1.0408163265306123,1.9019607843137254,3.5618556701030926,2018-11-01
248,201812,395.0,111,55,58,1.0545454545454545,1.9137931034482758,3.5585585585585586,2018-12-01
248,201901,336.7,93,45,50,1.1111111111111112,1.86,3.6204301075268814,2019-01-01
248,201902,239.0,77,41,41,1.0,1.8780487804878048,3.103896103896104,2019-02-01
248,201903,239.70000000000002,77,41,41,1.0,1.8780487804878048,3.112987012987013,2019-03-01
248,201904,326.8,90,45,46,1.0222222222222221,1.9565217391304348,3.631111111111111,2019-04-01
248,201905,234.0,74,42,43,1.0238095238095237,1.7209302325581395,3.1621621621621623,2019-05-01
248,201906,362.7,99,50,52,1.04,1.9038461538461537,3.6636363636363636,2019-06-01
249,201807,232.5,69,40,43,1.075,1.6046511627906976,3.369565217391304,2018-07-01
249,201808,276.7,78,49,50,1.0204081632653061,1.56,3.5474358974358973,2018-08-01
249,201809,265.2,75,42,42,1.0,1.7857142857142858,3.536,2018-09-01
249,201810,322.1,91,51,54,1.0588235294117647,1.6851851851851851,3.53956043956044,2018-10-01
249,201811,200.6,58,33,35,1.0606060606060606,1.6571428571428573,3.4586206896551723,2018-11-01
249,201812,280.1,81,44,46,1.0454545454545454,1.7608695652173914,3.458024691358025,2018-12-01
249,201901,266.4,74,42,44,1.0476190476190477,1.6818181818181819,3.5999999999999996,2019-01-01
249,201902,291.7,79,47,49,1.0425531914893618,1.6122448979591837,3.692405063291139,2019-02-01
249,201903,246.5,70,44,44,1.0,1.5909090909090908,3.5214285714285714,2019-03-01
249,201904,256.8,73,43,44,1.0232558139534884,1.6590909090909092,3.5178082191780824,2019-04-01
249,201905,260.1,78,44,48,1.0909090909090908,1.625,3.3346153846153848,2019-05-01
249,201906,271.9,80,48,49,1.0208333333333333,1.6326530612244898,3.3987499999999997,2019-06-01
250,201807,1054.4,248,111,125,1.1261261261261262,1.984,4.251612903225807,2018-07-01
250,201808,1195.4,268,124,144,1.1612903225806452,1.8611111111111112,4.46044776119403,2018-08-01
250,201809,878.3,199,90,102,1.1333333333333333,1.9509803921568627,4.41356783919598,2018-09-01
250,201810,1035.4,230,101,117,1.1584158415841583,1.9658119658119657,4.501739130434783,2018-10-01
250,201811,994.9,232,97,118,1.2164948453608246,1.9661016949152543,4.288362068965517,2018-11-01
250,201812,1127.6,255,108,127,1.1759259259259258,2.0078740157480315,4.421960784313725,2018-12-01
250,201901,915.3,211,96,107,1.1145833333333333,1.97196261682243,4.337914691943128,2019-01-01
250,201902,996.7,226,103,113,1.0970873786407767,2.0,4.4101769911504425,2019-02-01
250,201903,1051.7,239,97,121,1.2474226804123711,1.975206611570248,4.4004184100418415,2019-03-01
250,201904,937.4,211,93,106,1.1397849462365592,1.990566037735849,4.442654028436019,2019-04-01
250,201905,799.1,185,90,98,1.0888888888888888,1.8877551020408163,4.31945945945946,2019-05-01
250,201906,1045.5,236,104,121,1.1634615384615385,1.9504132231404958,4.430084745762712,2019-06-01
251,201807,398.6,92,44,46,1.0454545454545454,2.0,4.3326086956521745,2018-07-01
251,201808,323.05,73,35,36,1.0285714285714285,2.0277777777777777,4.425342465753425,2018-08-01
251,201809,272.2,60,28,30,1.0714285714285714,2.0,4.536666666666666,2018-09-01
251,201810,387.7,87,43,44,1.0232558139534884,1.9772727272727273,4.456321839080459,2018-10-01
251,201811,522.4,120,55,59,1.0727272727272728,2.0338983050847457,4.3533333333333335,2018-11-01
251,201812,454.0,105,52,53,1.0192307692307692,1.9811320754716981,4.3238095238095235,2018-12-01
251,201901,368.0,85,39,43,1.1025641025641026,1.9767441860465116,4.329411764705882,2019-01-01
251,201902,269.0,62,30,31,1.0333333333333334,2.0,4.338709677419355,2019-02-01
251,201903,351.4,85,41,43,1.048780487804878,1.9767441860465116,4.134117647058823,2019-03-01
251,201904,436.3,99,48,50,1.0416666666666667,1.98,4.407070707070707,2019-04-01
251,201905,287.6,65,34,35,1.0294117647058822,1.8571428571428572,4.424615384615385,2019-05-01
251,201906,320.8,76,37,38,1.027027027027027,2.0,4.221052631578948,2019-06-01
252,201808,3.7,1,1,1,1.0,1.0,3.7,2018-08-01
252,201903,3.7,1,1,1,1.0,1.0,3.7,2019-03-01
253,201807,350.2,80,38,40,1.0526315789473684,2.0,4.3774999999999995,2018-07-01
253,201808,364.8,82,39,42,1.0769230769230769,1.9523809523809523,4.4487804878048784,2018-08-01
253,201809,390.2,88,41,44,1.0731707317073171,2.0,4.434090909090909,2018-09-01
253,201810,352.0,76,36,38,1.0555555555555556,2.0,4.631578947368421,2018-10-01
253,201811,462.0,102,51,51,1.0,2.0,4.529411764705882,2018-11-01
253,201812,402.2,96,46,48,1.0434782608695652,2.0,4.189583333333333,2018-12-01
253,201901,345.8,82,37,41,1.1081081081081081,2.0,4.217073170731707,2019-01-01
253,201902,290.0,62,29,31,1.0689655172413792,2.0,4.67741935483871,2019-02-01
253,201903,434.40000000000003,99,47,50,1.0638297872340425,1.98,4.387878787878789,2019-03-01
253,201904,389.2,88,40,44,1.1,2.0,4.422727272727273,2019-04-01
253,201905,305.8,71,36,39,1.0833333333333333,1.8205128205128205,4.307042253521127,2019-05-01
253,201906,449.6,104,49,52,1.0612244897959184,2.0,4.323076923076924,2019-06-01
254,201807,126.0,38,37,37,1.0,1.027027027027027,3.3157894736842106,2018-07-01
254,201808,187.1,52,43,43,1.0,1.2093023255813953,3.598076923076923,2018-08-01
254,201809,131.4,37,34,35,1.0294117647058822,1.0571428571428572,3.5513513513513515,2018-09-01
254,201810,100.6,32,26,32,1.2307692307692308,1.0,3.14375,2018-10-01
254,201811,127.9,34,30,32,1.0666666666666667,1.0625,3.761764705882353,2018-11-01
254,201812,134.7,44,40,42,1.05,1.0476190476190477,3.061363636363636,2018-12-01
254,201901,106.0,28,25,27,1.08,1.037037037037037,3.7857142857142856,2019-01-01
254,201902,92.3,26,25,26,1.04,1.0,3.55,2019-02-01
254,201903,149.8,39,32,33,1.03125,1.1818181818181819,3.841025641025641,2019-03-01
254,201904,77.4,23,22,23,1.0454545454545454,1.0,3.365217391304348,2019-04-01
254,201905,145.0,45,40,41,1.025,1.0975609756097562,3.2222222222222223,2019-05-01
254,201906,131.7,35,32,33,1.03125,1.0606060606060606,3.7628571428571425,2019-06-01
255,201807,207.6,57,39,40,1.0256410256410255,1.425,3.6421052631578945,2018-07-01
255,201808,163.5,51,31,33,1.064516129032258,1.5454545454545454,3.2058823529411766,2018-08-01
255,201809,214.3,66,41,41,1.0,1.6097560975609757,3.246969696969697,2018-09-01
255,201810,219.3,63,39,40,1.0256410256410255,1.575,3.480952380952381,2018-10-01
255,201811,227.6,68,45,48,1.0666666666666667,1.4166666666666667,3.347058823529412,2018-11-01
255,201812,244.0,64,39,40,1.0256410256410255,1.6,3.8125,2018-12-01
255,201901,214.4,64,43,45,1.0465116279069768,1.4222222222222223,3.35,2019-01-01
255,201902,196.8,57,40,40,1.0,1.425,3.4526315789473685,2019-02-01
255,201903,198.8,57,39,40,1.0256410256410255,1.425,3.487719298245614,2019-03-01
255,201904,234.2,71,43,46,1.069767441860465,1.5434782608695652,3.2985915492957747,2019-04-01
255,201905,197.2,56,36,39,1.0833333333333333,1.435897435897436,3.5214285714285714,2019-05-01
255,201906,292.9,83,56,58,1.0357142857142858,1.4310344827586208,3.528915662650602,2019-06-01
256,201807,238.5,70,38,41,1.0789473684210527,1.7073170731707317,3.407142857142857,2018-07-01
256,201808,325.8,96,50,53,1.06,1.8113207547169812,3.3937500000000003,2018-08-01
256,201809,261.7,69,41,42,1.024390243902439,1.6428571428571428,3.7927536231884056,2018-09-01
256,201810,269.8,77,41,44,1.0731707317073171,1.75,3.503896103896104,2018-10-01
256,201811,247.1,70,36,39,1.0833333333333333,1.794871794871795,3.53,2018-11-01
256,201812,337.0,97,50,54,1.08,1.7962962962962963,3.4742268041237114,2018-12-01
256,201901,300.3,85,49,50,1.0204081632653061,1.7,3.5329411764705885,2019-01-01
256,201902,241.1,69,40,43,1.075,1.6046511627906976,3.4942028985507245,2019-02-01
256,201903,282.3,79,42,44,1.0476190476190477,1.7954545454545454,3.5734177215189873,2019-03-01
256,201904,185.8,54,29,30,1.0344827586206897,1.8,3.440740740740741,2019-04-01
256,201905,293.3,86,50,50,1.0,1.72,3.41046511627907,2019-05-01
256,201906,242.3,69,37,39,1.054054054054054,1.7692307692307692,3.511594202898551,2019-06-01
257,201807,974.4,284,111,140,1.2612612612612613,2.0285714285714285,3.4309859154929576,2018-07-01
257,201808,850.3,249,100,127,1.27,1.9606299212598426,3.4148594377510038,2018-08-01
257,201809,887.4,236,97,118,1.2164948453608246,2.0,3.760169491525424,2018-09-01
257,201810,693.6,202,83,100,1.2048192771084338,2.02,3.4336633663366336,2018-10-01
257,201811,1026.6,292,119,146,1.226890756302521,2.0,3.515753424657534,2018-11-01
257,201812,812.0,230,90,115,1.2777777777777777,2.0,3.5304347826086957,2018-12-01
257,201901,717.6,216,92,108,1.173913043478261,2.0,3.3222222222222224,2019-01-01
257,201902,747.0,216,87,108,1.2413793103448276,2.0,3.4583333333333335,2019-02-01
257,201903,1082.8,308,119,152,1.2773109243697478,2.026315789473684,3.5155844155844154,2019-03-01
257,201904,882.4,250,97,123,1.268041237113402,2.032520325203252,3.5296,2019-04-01
257,201905,752.5,224,98,118,1.2040816326530612,1.8983050847457628,3.359375,2019-05-01
257,201906,928.8,260,101,129,1.2772277227722773,2.0155038759689923,3.572307692307692,2019-06-01
258,201807,6.0,2,1,1,1.0,2.0,3.0,2018-07-01
258,201808,21.0,5,3,3,1.0,1.6666666666666667,4.2,2018-08-01
258,201809,34.599999999999994,10,5,5,1.0,2.0,3.4599999999999995,2018-09-01
258,201810,21.6,4,2,2,1.0,2.0,5.4,2018-10-01
258,201811,11.8,4,2,2,1.0,2.0,2.95,2018-11-01
258,201812,29.0,8,4,4,1.0,2.0,3.625,2018-12-01
258,201901,32.2,12,6,6,1.0,2.0,2.6833333333333336,2019-01-01
258,201902,41.4,10,5,5,1.0,2.0,4.14,2019-02-01
258,201903,28.8,8,4,4,1.0,2.0,3.6,2019-03-01
258,201904,28.4,8,4,4,1.0,2.0,3.55,2019-04-01
258,201905,23.900000000000002,6,4,4,1.0,1.5,3.983333333333334,2019-05-01
258,201906,18.2,4,2,2,1.0,2.0,4.55,2019-06-01
259,201807,890.6,250,102,125,1.2254901960784315,2.0,3.5624000000000002,2018-07-01
259,201808,837.0,244,104,129,1.2403846153846154,1.8914728682170543,3.430327868852459,2018-08-01
259,201809,883.8,262,97,129,1.3298969072164948,2.0310077519379846,3.3732824427480916,2018-09-01
259,201810,842.2,222,88,111,1.2613636363636365,2.0,3.793693693693694,2018-10-01
259,201811,1020.4,280,105,137,1.3047619047619048,2.0437956204379564,3.644285714285714,2018-11-01
259,201812,911.8,274,105,134,1.276190476190476,2.044776119402985,3.327737226277372,2018-12-01
259,201901,937.6,254,107,126,1.1775700934579438,2.015873015873016,3.6913385826771656,2019-01-01
259,201902,835.4,236,91,115,1.2637362637362637,2.0521739130434784,3.539830508474576,2019-02-01
259,201903,950.2,260,111,130,1.1711711711711712,2.0,3.6546153846153846,2019-03-01
259,201904,1029.8,282,107,138,1.2897196261682242,2.0434782608695654,3.65177304964539,2019-04-01
259,201905,803.5,224,97,122,1.2577319587628866,1.8360655737704918,3.5870535714285716,2019-05-01
259,201906,759.4,218,90,109,1.211111111111111,2.0,3.48348623853211,2019-06-01
260,201807,422.4,100,46,50,1.0869565217391304,2.0,4.224,2018-07-01
260,201808,278.3,64,35,35,1.0,1.8285714285714285,4.3484375,2018-08-01
260,201809,382.2,91,43,46,1.069767441860465,1.9782608695652173,4.2,2018-09-01
260,201810,532.1,121,59,61,1.0338983050847457,1.9836065573770492,4.397520661157025,2018-10-01
260,201811,422.4,97,45,48,1.0666666666666667,2.0208333333333335,4.354639175257732,2018-11-01
260,201812,467.8,106,51,53,1.0392156862745099,2.0,4.413207547169812,2018-12-01
260,201901,327.0,76,36,37,1.0277777777777777,2.054054054054054,4.302631578947368,2019-01-01
260,201902,446.2,102,45,51,1.1333333333333333,2.0,4.374509803921568,2019-02-01
260,201903,459.4,110,52,55,1.0576923076923077,2.0,4.176363636363636,2019-03-01
260,201904,412.8,90,42,45,1.0714285714285714,2.0,4.586666666666667,2019-04-01
260,201905,466.35,107,52,57,1.0961538461538463,1.8771929824561404,4.358411214953271,2019-05-01
260,201906,432.8,100,47,50,1.0638297872340425,2.0,4.328,2019-06-01
261,201807,1119.7,257,113,129,1.1415929203539823,1.9922480620155039,4.356809338521401,2018-07-01
261,201808,1064.8,247,116,134,1.1551724137931034,1.8432835820895523,4.310931174089069,2018-08-01
261,201809,1068.3,237,99,119,1.202020202020202,1.9915966386554622,4.507594936708861,2018-09-01
261,201810,1167.5,265,115,132,1.1478260869565218,2.007575757575758,4.40566037735849,2018-10-01
261,201811,999.2,236,109,118,1.0825688073394495,2.0,4.233898305084746,2018-11-01
261,201812,1180.8,268,119,134,1.1260504201680672,2.0,4.405970149253731,2018-12-01
261,201901,1214.0,280,111,140,1.2612612612612613,2.0,4.335714285714285,2019-01-01
261,201902,980.4,221,97,110,1.134020618556701,2.0090909090909093,4.436199095022625,2019-02-01
261,201903,1155.0,265,116,132,1.1379310344827587,2.007575757575758,4.3584905660377355,2019-03-01
261,201904,921.4,204,86,101,1.1744186046511629,2.01980198019802,4.516666666666667,2019-04-01
261,201905,1121.45,259,106,127,1.1981132075471699,2.0393700787401574,4.32992277992278,2019-05-01
261,201906,1051.2,238,101,118,1.1683168316831682,2.016949152542373,4.416806722689076,2019-06-01
262,201807,693.3,201,79,100,1.2658227848101267,2.01,3.4492537313432834,2018-07-01
262,201808,729.2,205,74,101,1.364864864864865,2.0297029702970297,3.5570731707317074,2018-08-01
262,201809,604.2,176,75,88,1.1733333333333333,2.0,3.4329545454545456,2018-09-01
262,201810,851.0,240,100,120,1.2,2.0,3.5458333333333334,2018-10-01
262,201811,681.0,190,78,95,1.2179487179487178,2.0,3.5842105263157893,2018-11-01
262,201812,827.2,230,92,115,1.25,2.0,3.596521739130435,2018-12-01
262,201901,583.8,174,79,87,1.1012658227848102,2.0,3.3551724137931034,2019-01-01
262,201902,664.2,184,75,91,1.2133333333333334,2.021978021978022,3.6097826086956526,2019-02-01
262,201903,700.6,204,86,101,1.1744186046511629,2.01980198019802,3.4343137254901963,2019-03-01
262,201904,738.6,210,85,105,1.2352941176470589,2.0,3.5171428571428573,2019-04-01
262,201905,601.1,166,76,86,1.131578947368421,1.930232558139535,3.621084337349398,2019-05-01
262,201906,844.6,242,93,121,1.3010752688172043,2.0,3.4900826446280995,2019-06-01
263,201807,33.5,10,8,8,1.0,1.25,3.35,2018-07-01
263,201808,26.5,7,5,5,1.0,1.4,3.7857142857142856,2018-08-01
263,201809,21.799999999999997,6,4,4,1.0,1.5,3.633333333333333,2018-09-01
263,201810,31.4,10,7,7,1.0,1.4285714285714286,3.1399999999999997,2018-10-01
263,201811,15.799999999999999,4,2,2,1.0,2.0,3.9499999999999997,2018-11-01
263,201812,24.6,7,6,6,1.0,1.1666666666666667,3.5142857142857147,2018-12-01
263,201901,21.3,6,5,5,1.0,1.2,3.5500000000000003,2019-01-01
263,201902,37.4,10,6,6,1.0,1.6666666666666667,3.7399999999999998,2019-02-01
263,201903,26.0,7,5,5,1.0,1.4,3.7142857142857144,2019-03-01
263,201904,9.0,3,3,3,1.0,1.0,3.0,2019-04-01
263,201905,8.1,2,2,2,1.0,1.0,4.05,2019-05-01
263,201906,33.2,7,5,5,1.0,1.4,4.742857142857143,2019-06-01
264,201807,209.4,65,47,47,1.0,1.3829787234042554,3.2215384615384615,2018-07-01
264,201808,187.8,54,37,38,1.027027027027027,1.4210526315789473,3.477777777777778,2018-08-01
264,201809,181.0,54,40,41,1.025,1.3170731707317074,3.3518518518518516,2018-09-01
264,201810,167.4,47,37,38,1.027027027027027,1.236842105263158,3.5617021276595744,2018-10-01
264,201811,175.3,47,32,34,1.0625,1.3823529411764706,3.7297872340425533,2018-11-01
264,201812,251.4,69,47,52,1.1063829787234043,1.3269230769230769,3.6434782608695655,2018-12-01
264,201901,222.7,61,44,45,1.0227272727272727,1.3555555555555556,3.6508196721311474,2019-01-01
264,201902,162.0,54,39,41,1.0512820512820513,1.3170731707317074,3.0,2019-02-01
264,201903,154.2,44,34,37,1.088235294117647,1.1891891891891893,3.5045454545454544,2019-03-01
264,201904,173.8,50,37,37,1.0,1.3513513513513513,3.4760000000000004,2019-04-01
264,201905,223.7,60,43,43,1.0,1.3953488372093024,3.728333333333333,2019-05-01
264,201906,198.70000000000002,55,44,45,1.0227272727272727,1.2222222222222223,3.6127272727272732,2019-06-01
265,201807,239.7,71,48,51,1.0625,1.392156862745098,3.3760563380281687,2018-07-01
265,201808,204.8,63,45,49,1.0888888888888888,1.2857142857142858,3.250793650793651,2018-08-01
265,201809,126.9,38,28,31,1.1071428571428572,1.2258064516129032,3.3394736842105264,2018-09-01
265,201810,155.2,46,35,36,1.0285714285714285,1.2777777777777777,3.3739130434782605,2018-10-01
265,201811,276.1,82,57,61,1.0701754385964912,1.3442622950819672,3.3670731707317074,2018-11-01
265,201812,170.5,51,39,40,1.0256410256410255,1.275,3.343137254901961,2018-12-01
265,201901,163.5,44,30,31,1.0333333333333334,1.4193548387096775,3.715909090909091,2019-01-01
265,201902,199.6,53,38,39,1.0263157894736843,1.358974358974359,3.7660377358490567,2019-02-01
265,201903,161.1,45,35,35,1.0,1.2857142857142858,3.58,2019-03-01
265,201904,231.3,72,45,48,1.0666666666666667,1.5,3.2125000000000004,2019-04-01
265,201905,160.8,46,33,33,1.0,1.393939393939394,3.4956521739130437,2019-05-01
265,201906,202.9,55,39,39,1.0,1.4102564102564104,3.689090909090909,2019-06-01
266,201807,124.7,35,30,32,1.0666666666666667,1.09375,3.5628571428571427,2018-07-01
266,201808,135.0,39,31,34,1.096774193548387,1.1470588235294117,3.4615384615384617,2018-08-01
266,201809,133.4,38,33,37,1.121212121212121,1.027027027027027,3.5105263157894737,2018-09-01
266,201810,162.7,45,36,40,1.1111111111111112,1.125,3.6155555555555554,2018-10-01
266,201811,124.7,36,31,34,1.096774193548387,1.0588235294117647,3.463888888888889,2018-11-01
266,201812,150.1,48,41,44,1.0731707317073171,1.0909090909090908,3.127083333333333,2018-12-01
266,201901,129.1,41,40,41,1.025,1.0,3.1487804878048777,2019-01-01
266,201902,111.1,32,29,31,1.0689655172413792,1.032258064516129,3.471875,2019-02-01
266,201903,113.9,33,28,29,1.0357142857142858,1.1379310344827587,3.4515151515151516,2019-03-01
266,201904,114.2,30,29,29,1.0,1.0344827586206897,3.8066666666666666,2019-04-01
266,201905,146.7,42,39,40,1.0256410256410255,1.05,3.4928571428571424,2019-05-01
266,201906,155.7,48,40,44,1.1,1.0909090909090908,3.24375,2019-06-01
267,201807,6.199999999999999,2,2,2,1.0,1.0,3.0999999999999996,2018-07-01
267,201808,24.9,6,5,5,1.0,1.2,4.1499999999999995,2018-08-01
267,201809,20.6,5,4,4,1.0,1.25,4.12,2018-09-01
267,201810,14.4,4,4,4,1.0,1.0,3.6,2018-10-01
267,201811,40.3,11,9,9,1.0,1.2222222222222223,3.6636363636363636,2018-11-01
267,201812,15.399999999999999,5,5,5,1.0,1.0,3.0799999999999996,2018-12-01
267,201901,31.8,9,8,8,1.0,1.125,3.533333333333333,2019-01-01
267,201902,23.0,6,5,5,1.0,1.2,3.8333333333333335,2019-02-01
267,201903,23.6,6,6,6,1.0,1.0,3.9333333333333336,2019-03-01
267,201904,11.4,4,4,4,1.0,1.0,2.85,2019-04-01
267,201905,37.4,8,7,7,1.0,1.1428571428571428,4.675,2019-05-01
267,201906,18.5,4,4,4,1.0,1.0,4.625,2019-06-01
268,201807,213.5,65,46,50,1.0869565217391304,1.3,3.2846153846153845,2018-07-01
268,201808,291.95,81,46,50,1.0869565217391304,1.62,3.604320987654321,2018-08-01
268,201809,158.9,46,27,30,1.1111111111111112,1.5333333333333334,3.4543478260869565,2018-09-01
268,201810,229.9,63,45,46,1.0222222222222221,1.3695652173913044,3.649206349206349,2018-10-01
268,201811,202.9,60,45,46,1.0222222222222221,1.3043478260869565,3.381666666666667,2018-11-01
268,201812,189.2,52,38,39,1.0263157894736843,1.3333333333333333,3.6384615384615384,2018-12-01
268,201901,150.6,43,35,35,1.0,1.2285714285714286,3.5023255813953487,2019-01-01
268,201902,154.8,45,35,36,1.0285714285714285,1.25,3.4400000000000004,2019-02-01
268,201903,212.2,59,43,44,1.0232558139534884,1.3409090909090908,3.5966101694915253,2019-03-01
268,201904,174.6,52,42,45,1.0714285714285714,1.1555555555555554,3.3576923076923078,2019-04-01
268,201905,222.7,61,45,47,1.0444444444444445,1.297872340425532,3.6508196721311474,2019-05-01
268,201906,220.6,55,36,38,1.0555555555555556,1.4473684210526316,4.010909090909091,2019-06-01
269,201807,929.8,262,99,130,1.3131313131313131,2.0153846153846153,3.548854961832061,2018-07-01
269,201808,801.3,239,105,127,1.2095238095238094,1.8818897637795275,3.3527196652719664,2018-08-01
269,201809,844.0,234,95,116,1.2210526315789474,2.0172413793103448,3.606837606837607,2018-09-01
269,201810,1044.2,284,110,142,1.290909090909091,2.0,3.676760563380282,2018-10-01
269,201811,882.0,250,98,123,1.2551020408163265,2.032520325203252,3.528,2018-11-01
269,201812,850.6,238,97,118,1.2164948453608246,2.016949152542373,3.573949579831933,2018-12-01
269,201901,912.4,266,102,133,1.303921568627451,2.0,3.430075187969925,2019-01-01
269,201902,901.8,246,97,121,1.2474226804123711,2.0330578512396693,3.665853658536585,2019-02-01
269,201903,799.6,234,94,117,1.2446808510638299,2.0,3.4170940170940174,2019-03-01
269,201904,928.2,258,103,128,1.2427184466019416,2.015625,3.5976744186046514,2019-04-01
269,201905,806.6,225,93,117,1.2580645161290323,1.9230769230769231,3.584888888888889,2019-05-01
269,201906,770.2,228,93,114,1.2258064516129032,2.0,3.3780701754385967,2019-06-01
270,201807,883.6,248,88,123,1.3977272727272727,2.016260162601626,3.5629032258064517,2018-07-01
270,201808,943.15,268,118,142,1.2033898305084745,1.8873239436619718,3.5192164179104477,2018-08-01
270,201809,780.2,230,94,115,1.2234042553191489,2.0,3.3921739130434783,2018-09-01
270,201810,736.4,208,85,100,1.1764705882352942,2.08,3.5403846153846152,2018-10-01
270,201811,874.2,242,93,117,1.2580645161290323,2.0683760683760686,3.612396694214876,2018-11-01
270,201812,987.6,280,97,137,1.4123711340206186,2.0437956204379564,3.527142857142857,2018-12-01
270,201901,1009.8,292,110,144,1.309090909090909,2.0277777777777777,3.458219178082192,2019-01-01
270,201902,806.0,232,88,116,1.3181818181818181,2.0,3.4741379310344827,2019-02-01
270,201903,959.4,274,101,136,1.3465346534653466,2.014705882352941,3.5014598540145982,2019-03-01
270,201904,860.8,244,97,121,1.2474226804123711,2.0165289256198347,3.527868852459016,2019-04-01
270,201905,846.7,233,93,117,1.2580645161290323,1.9914529914529915,3.633905579399142,2019-05-01
270,201906,831.2,228,96,114,1.1875,2.0,3.6456140350877195,2019-06-01
271,201807,871.0,234,89,115,1.2921348314606742,2.034782608695652,3.7222222222222223,2018-07-01
271,201808,613.7,173,76,90,1.1842105263157894,1.9222222222222223,3.5473988439306363,2018-08-01
271,201809,721.4,208,83,104,1.2530120481927711,2.0,3.4682692307692307,2018-09-01
271,201810,725.6,212,89,105,1.1797752808988764,2.019047619047619,3.422641509433962,2018-10-01
271,201811,807.0,216,88,106,1.2045454545454546,2.0377358490566038,3.736111111111111,2018-11-01
271,201812,764.0,216,93,107,1.1505376344086022,2.0186915887850465,3.537037037037037,2018-12-01
271,201901,768.2,212,82,104,1.2682926829268293,2.0384615384615383,3.6235849056603775,2019-01-01
271,201902,673.8,186,81,92,1.1358024691358024,2.0217391304347827,3.62258064516129,2019-02-01
271,201903,699.6,192,76,96,1.263157894736842,2.0,3.6437500000000003,2019-03-01
271,201904,700.8,194,79,97,1.2278481012658229,2.0,3.612371134020618,2019-04-01
271,201905,723.0,216,91,116,1.2747252747252746,1.8620689655172413,3.3472222222222223,2019-05-01
271,201906,884.2,246,106,123,1.1603773584905661,2.0,3.5943089430894313,2019-06-01
272,201807,392.3,90,47,48,1.0212765957446808,1.875,4.358888888888889,2018-07-01
272,201808,326.95,76,39,43,1.1025641025641026,1.7674418604651163,4.301973684210526,2018-08-01
272,201809,294.5,69,31,35,1.1290322580645162,1.9714285714285715,4.268115942028985,2018-09-01
272,201810,405.1,94,41,47,1.146341463414634,2.0,4.309574468085106,2018-10-01
272,201811,355.8,83,39,43,1.1025641025641026,1.930232558139535,4.286746987951807,2018-11-01
272,201812,363.1,81,43,43,1.0,1.8837209302325582,4.4827160493827165,2018-12-01
272,201901,392.4,90,44,47,1.0681818181818181,1.9148936170212767,4.359999999999999,2019-01-01
272,201902,385.3,89,44,47,1.0681818181818181,1.8936170212765957,4.329213483146067,2019-02-01
272,201903,421.9,97,48,51,1.0625,1.9019607843137254,4.349484536082474,2019-03-01
272,201904,445.1,105,54,55,1.0185185185185186,1.9090909090909092,4.23904761904762,2019-04-01
272,201905,314.6,71,34,40,1.1764705882352942,1.775,4.4309859154929585,2019-05-01
272,201906,301.9,68,33,36,1.0909090909090908,1.8888888888888888,4.439705882352941,2019-06-01
